player,date,tourn,surf,level,round,opp,score,pts,fwon,swon,opts,ofwon,oswon
Anastasia Potapova,20250924,Beijing,Hard,PM,R16,Linda Noskova,6-2 6-4,59,14,12,60,21,14
Ann Li,20250924,Beijing,Hard,PM,R128,Camila Osorio,7-5 6-7(5) 7-5,148,55,32,128,60,20
Anna Kalinskaya,20250924,Beijing,Hard,PM,R64,Camila Osorio,6-1 4-6 6-4,80,25,17,92,35,18
Barbora Krejcikova,20250924,Beijing,Hard,PM,R32,Mccartney Kessler,1-6 7-5 3-0 RET,71,25,12,75,27,13
Belinda Bencic,20250924,Beijing,Hard,PM,R16,Coco Gauff,4-6 7-6(4) 6-2,114,46,20,93,43,18
Clara Tauson,20250924,Beijing,Hard,PM,R64,Zeynep Sonmez,6-4 2-6 6-3,77,32,13,81,27,20
Coco Gauff,20250924,Beijing,Hard,PM,SF,Amanda Anisimova,6-1 6-2,43,10,6,46,26,6
Cristina Bucsa,20250924,Beijing,Hard,PM,R64,Emma Raducanu,6-3 6-3,71,33,3,64,30,11
Diana Shnaider,20250924,Beijing,Hard,PM,R64,Maya Joint,7-5 6-1,68,23,9,64,28,11
Donna Vekic,20250924,Beijing,Hard,PM,R128,Cristina Bucsa,6-2 6-4,49,11,9,63,23,13
Ekaterina Alexandrova,20250924,Beijing,Hard,PM,R64,Barbora Krejcikova,7-5 6-2,57,24,7,62,30,13
Elena Rybakina,20250924,Beijing,Hard,PM,R32,Eva Lys,6-3 1-6 6-4,104,27,25,85,36,7
Elise Mertens,20250924,Beijing,Hard,PM,R64,Mccartney Kessler,6-2 6-4,57,16,12,51,20,12
Emma Navarro,20250924,Beijing,Hard,PM,QF,Jessica Pegula,6-7(2) 6-2 6-1,83,32,14,96,47,14
Hailey Baptiste,20250924,Beijing,Hard,PM,R128,Katie Boulter,7-5 5-7 6-4,107,45,17,106,42,23
Iga Swiatek,20250924,Beijing,Hard,PM,R16,Emma Navarro,6-4 4-6 6-0,97,38,13,87,40,13
Iva Jovic,20250924,Beijing,Hard,PM,R64,Eva Lys,6-3 4-6 7-5,84,27,14,124,42,23
Janice Tjen,20250924,Beijing,Hard,PM,R128,Aliaksandra Sasnovich,6-7(4) 7-5 6-1,113,43,24,98,49,19
Jasmine Paolini,20250924,Beijing,Hard,PM,QF,Amanda Anisimova,6-7(4) 6-3 6-4,113,45,17,119,50,21
Jelena Ostapenko,20250924,Beijing,Hard,PM,R64,Priscilla Hon,6-3 6-2,61,20,6,42,18,8
Jessica Pegula,20250924,Beijing,Hard,PM,SF,Linda Noskova,6-3 1-6 7-6(6),113,45,19,105,40,17
Karolina Muchova,20250924,Beijing,Hard,PM,R16,Amanda Anisimova,1-6 6-2 6-4,79,31,16,76,38,8
Kimberly Birrell,20250924,Beijing,Hard,PM,R128,Anastasija Sevastova,6-3 7-6(1),66,30,8,78,30,19
Leylah Fernandez,20250924,Beijing,Hard,PM,R32,Coco Gauff,6-4 4-6 7-5,104,35,16,100,41,14
Linda Noskova,20250924,Beijing,Hard,PM,F,Amanda Anisimova,6-0 2-6 6-2,53,22,7,59,28,7
Liudmila Samsonova,20250924,Beijing,Hard,PM,R64,Lois Boisson,6-3 6-4,50,16,13,59,37,5
Magdalena Frech,20250924,Beijing,Hard,PM,R128,Ella Seidel,7-5 6-4,70,22,18,76,31,16
Maria Sakkari,20250924,Beijing,Hard,PM,R64,Leylah Fernandez,6-2 6-0,46,13,8,46,20,11
Marie Bouzkova,20250924,Beijing,Hard,PM,R16,Jasmine Paolini,6-2 7-5,67,24,8,70,31,8
Marta Kostyuk,20250924,Beijing,Hard,PM,R16,Jessica Pegula,6-3 6-7(4) 6-1,109,38,16,94,32,24
Mirra Andreeva,20250924,Beijing,Hard,PM,R16,Sonay Kartal,7-5 2-6 7-5,91,46,16,105,47,20
Naomi Osaka,20250924,Beijing,Hard,PM,R64,Aliaksandra Sasnovich,1-6 6-4 6-2,89,36,14,68,23,14
Peyton Stearns,20250924,Beijing,Hard,PM,R128,Katie Volynets,6-4 2-6 6-3,94,36,17,80,37,6
Sorana Cirstea,20250924,Beijing,Hard,PM,R64,Karolina Muchova,6-2 6-3,61,18,13,51,24,12
Victoria Mboko,20250924,Beijing,Hard,PM,R64,Anastasia Potapova,7-6(5) 7-5,94,32,15,70,23,19
Xin Yu Wang,20250924,Beijing,Hard,PM,R64,Shuai Zhang,6-4 6-2,66,25,7,57,28,7
Yuliia Starodubtseva,20250924,Beijing,Hard,PM,R128,Ajla Tomljanovic,7-6(1) 6-2,68,19,13,73,34,11
Amanda Anisimova,20250924,Beijing,Hard,PM,F,Linda Noskova,6-0 2-6 6-2,59,28,7,53,22,7
Amanda Anisimova,20250924,Beijing,Hard,PM,QF,Jasmine Paolini,6-7(4) 6-3 6-4,119,50,21,113,45,17
Amanda Anisimova,20250924,Beijing,Hard,PM,R16,Karolina Muchova,1-6 6-2 6-4,76,38,8,79,31,16
Amanda Anisimova,20250924,Beijing,Hard,PM,R32,Shuai Zhang,7-6(11) 6-0,60,27,14,68,25,12
Amanda Anisimova,20250924,Beijing,Hard,PM,R64,Katie Boulter,6-1 6-3,60,22,16,54,19,10
Amanda Anisimova,20250924,Beijing,Hard,PM,SF,Coco Gauff,6-1 6-2,46,26,6,43,10,6
Anastasia Potapova,20250924,Beijing,Hard,PM,R128,Katerina Siniakova,6-3 6-4,52,21,13,68,27,7
Anastasia Potapova,20250924,Beijing,Hard,PM,R32,Zeynep Sonmez,6-3 7-5,65,25,15,68,17,19
Anastasia Potapova,20250924,Beijing,Hard,PM,R64,Victoria Mboko,7-6(5) 7-5,70,23,19,94,32,15
Barbora Krejcikova,20250924,Beijing,Hard,PM,R128,Anna Blinkova,6-2 6-2,46,18,12,45,14,6
Barbora Krejcikova,20250924,Beijing,Hard,PM,R64,Ekaterina Alexandrova,7-5 6-2,62,30,13,57,24,7
Belinda Bencic,20250924,Beijing,Hard,PM,R32,Priscilla Hon,4-6 6-4 6-3,84,39,16,99,38,19
Belinda Bencic,20250924,Beijing,Hard,PM,R64,Katie Volynets,6-3 6-3,57,24,9,59,24,2
Coco Gauff,20250924,Beijing,Hard,PM,QF,Eva Lys,6-3 6-4,64,31,7,59,20,8
Coco Gauff,20250924,Beijing,Hard,PM,R16,Belinda Bencic,4-6 7-6(4) 6-2,93,43,18,114,46,20
Coco Gauff,20250924,Beijing,Hard,PM,R32,Leylah Fernandez,6-4 4-6 7-5,100,41,14,104,35,16
Coco Gauff,20250924,Beijing,Hard,PM,R64,Kamilla Rakhimova,6-4 6-0,62,31,10,63,21,10
Cristina Bucsa,20250924,Beijing,Hard,PM,R128,Donna Vekic,6-2 6-4,63,23,13,49,11,9
Elena Rybakina,20250924,Beijing,Hard,PM,R64,Caty Mcnally,7-5 4-6 6-3,101,44,19,105,40,21
Emma Navarro,20250924,Beijing,Hard,PM,R16,Iga Swiatek,6-4 4-6 6-0,87,40,13,97,38,13
Emma Navarro,20250924,Beijing,Hard,PM,R32,Lois Boisson,6-2 1-0 RET,31,13,7,29,9,5
Emma Navarro,20250924,Beijing,Hard,PM,R64,Elena Gabriela Ruse,6-3 7-6(0),81,32,15,75,20,15
Iga Swiatek,20250924,Beijing,Hard,PM,R32,Camila Osorio,6-0 0-0 RET,26,9,7,24,4,3
Iga Swiatek,20250924,Beijing,Hard,PM,R64,Yue Yuan,6-0 6-3,43,25,7,61,18,9
Jasmine Paolini,20250924,Beijing,Hard,PM,R16,Marie Bouzkova,6-2 7-5,70,31,8,67,24,8
Jasmine Paolini,20250924,Beijing,Hard,PM,R32,Sofia Kenin,6-3 6-0,59,33,4,42,13,5
Jasmine Paolini,20250924,Beijing,Hard,PM,R64,Anastasija Sevastova,6-1 6-3,61,28,13,48,18,6
Jessica Pegula,20250924,Beijing,Hard,PM,QF,Emma Navarro,6-7(2) 6-2 6-1,96,47,14,83,32,14
Jessica Pegula,20250924,Beijing,Hard,PM,R16,Marta Kostyuk,6-3 6-7(4) 6-1,94,32,24,109,38,16
Jessica Pegula,20250924,Beijing,Hard,PM,R32,Emma Raducanu,3-6 7-6(9) 6-0,95,41,18,101,45,11
Jessica Pegula,20250924,Beijing,Hard,PM,R64,Ajla Tomljanovic,6-0 6-3,52,26,11,43,16,6
Karolina Muchova,20250924,Beijing,Hard,PM,R32,Paula Badosa,4-2 RET,17,11,1,20,7,5
Karolina Muchova,20250924,Beijing,Hard,PM,R64,Sorana Cirstea,6-2 6-3,51,24,12,61,18,13
Leylah Fernandez,20250924,Beijing,Hard,PM,R64,Maria Sakkari,6-2 6-0,46,20,11,46,13,8
Linda Noskova,20250924,Beijing,Hard,PM,QF,Sonay Kartal,6-3 6-4,46,21,11,56,22,6
Linda Noskova,20250924,Beijing,Hard,PM,R16,Anastasia Potapova,6-2 6-4,60,21,14,59,14,12
Linda Noskova,20250924,Beijing,Hard,PM,R32,Qinwen Zheng,6-4 3-6 3-0 RET,73,31,14,68,33,9
Linda Noskova,20250924,Beijing,Hard,PM,R64,Xiyu Wang,6-3 6-2,56,31,9,48,21,7
Linda Noskova,20250924,Beijing,Hard,PM,SF,Jessica Pegula,6-3 1-6 7-6(6),105,40,17,113,45,19
Maria Sakkari,20250924,Beijing,Hard,PM,R128,Ashlyn Krueger,7-6(5) 6-7(5) 7-5,135,45,26,138,53,17
Marie Bouzkova,20250924,Beijing,Hard,PM,R128,Tatjana Maria,6-2 6-4,45,20,16,46,19,9
Marie Bouzkova,20250924,Beijing,Hard,PM,R32,Veronika Kudermetova,6-3 7-5,73,33,10,72,20,16
Marie Bouzkova,20250924,Beijing,Hard,PM,R64,Magda Linette,7-5 7-5,79,31,15,75,30,10
Marta Kostyuk,20250924,Beijing,Hard,PM,R32,Aliaksandra Sasnovich,6-4 6-2,66,30,13,53,20,10
Marta Kostyuk,20250924,Beijing,Hard,PM,R64,Ella Seidel,6-1 6-1,45,25,8,43,10,7
Mirra Andreeva,20250924,Beijing,Hard,PM,R32,Jessica Bouzas Maneiro,6-4 6-1,72,27,17,67,23,10
Mirra Andreeva,20250924,Beijing,Hard,PM,R64,Lin Zhu,6-2 6-2,45,23,8,58,21,6
Sorana Cirstea,20250924,Beijing,Hard,PM,R128,Caroline Dolehide,6-2 6-3,40,17,9,56,19,7
Ann Li,20251006,Wuhan,Hard,PM,R32,Ekaterina Alexandrova,7-6(5) 6-2,62,24,11,79,36,15
Anna Kalinskaya,20251006,Wuhan,Hard,PM,R64,Rebecca Sramkova,6-2 3-6 6-3,79,37,7,91,31,23
Aryna Sabalenka,20251006,Wuhan,Hard,PM,SF,Jessica Pegula,2-6 6-4 7-6(2),101,41,7,103,37,16
Belinda Bencic,20251006,Wuhan,Hard,PM,R16,Iga Swiatek,7-6(2) 6-4,86,33,12,63,32,10
Clara Tauson,20251006,Wuhan,Hard,PM,R16,Jasmine Paolini,3-6 6-1 3-1 RET,57,16,14,65,26,12
Diana Shnaider,20251006,Wuhan,Hard,PM,R64,Katerina Siniakova,6-4 6-4,66,23,13,51,28,7
Donna Vekic,20251006,Wuhan,Hard,PM,R64,Belinda Bencic,6-2 6-2,48,13,9,50,25,9
Ekaterina Alexandrova,20251006,Wuhan,Hard,PM,R16,Jessica Pegula,7-5 3-6 6-3,89,36,17,94,41,18
Elena Rybakina,20251006,Wuhan,Hard,PM,QF,Aryna Sabalenka,6-3 6-3,59,23,8,57,27,11
Elise Mertens,20251006,Wuhan,Hard,PM,R32,Belinda Bencic,W/O,,,,,,
Emma Navarro,20251006,Wuhan,Hard,PM,R64,Shuai Zhang,6-2 2-6 6-3,78,23,20,62,31,5
Hailey Baptiste,20251006,Wuhan,Hard,PM,R32,Jessica Pegula,6-4 4-6 7-6(6),122,53,13,126,45,26
Iga Swiatek,20251006,Wuhan,Hard,PM,QF,Jasmine Paolini,6-1 6-2,38,11,2,39,19,8
Iva Jovic,20251006,Wuhan,Hard,PM,R16,Katerina Siniakova,7-5 6-3,70,30,8,69,37,9
Jasmine Paolini,20251006,Wuhan,Hard,PM,SF,Coco Gauff,6-4 6-3,56,18,6,55,22,5
Jelena Ostapenko,20251006,Wuhan,Hard,PM,R64,Sorana Cirstea,6-0 2-1 RET,22,1,4,25,9,7
Jessica Pegula,20251006,Wuhan,Hard,PM,F,Coco Gauff,6-4 7-5,68,22,11,73,34,7
Karolina Muchova,20251006,Wuhan,Hard,PM,R32,Magdalena Frech,7-6(1) 4-1 RET,58,26,3,71,26,16
Leylah Fernandez,20251006,Wuhan,Hard,PM,R64,Naomi Osaka,4-6 7-5 6-3,84,34,17,115,47,24
Linda Noskova,20251006,Wuhan,Hard,PM,R16,Elena Rybakina,6-3 6-4,84,29,18,57,24,20
Liudmila Samsonova,20251006,Wuhan,Hard,PM,R16,Aryna Sabalenka,6-3 6-2,47,15,12,47,24,13
Magdalena Frech,20251006,Wuhan,Hard,PM,R16,Laura Siegemund,6-4 7-6(2),89,40,10,85,39,12
Marie Bouzkova,20251006,Wuhan,Hard,PM,R32,Iga Swiatek,6-1 6-1,51,12,8,46,25,4
Marta Kostyuk,20251006,Wuhan,Hard,PM,R64,Karolina Muchova,2-6 6-2 6-4,94,34,19,85,37,15
Mirra Andreeva,20251006,Wuhan,Hard,PM,R32,Laura Siegemund,6-7(4) 6-3 6-3,115,40,19,113,47,16
Naomi Osaka,20251006,Wuhan,Hard,PM,R32,Linda Noskova,7-6(2) 6-3,55,23,15,71,31,19
Sorana Cirstea,20251006,Wuhan,Hard,PM,R32,Shuai Zhang,6-4 3-6 6-4,100,42,17,90,35,19
Victoria Mboko,20251006,Wuhan,Hard,PM,R64,Ekaterina Alexandrova,6-3 6-2,56,16,14,60,22,17
Xin Yu Wang,20251006,Wuhan,Hard,PM,R64,Moyuka Uchijima,6-4 7-6(3),82,32,13,83,36,14
Ann Li,20251006,Wuhan,Hard,PM,R64,Emma Raducanu,6-1 4-1 RET,40,17,10,48,15,4
Aryna Sabalenka,20251006,Wuhan,Hard,PM,QF,Elena Rybakina,6-3 6-3,57,27,11,59,23,8
Aryna Sabalenka,20251006,Wuhan,Hard,PM,R16,Liudmila Samsonova,6-3 6-2,47,24,13,47,15,12
Aryna Sabalenka,20251006,Wuhan,Hard,PM,R32,Rebecca Sramkova,4-6 6-3 6-1,94,37,22,81,33,13
Belinda Bencic,20251006,Wuhan,Hard,PM,R32,Elise Mertens,W/O,,,,,,
Belinda Bencic,20251006,Wuhan,Hard,PM,R64,Donna Vekic,6-2 6-2,50,25,9,48,13,9
Clara Tauson,20251006,Wuhan,Hard,PM,R32,Antonia Ruzic,6-4 6-0,45,16,15,53,16,8
Clara Tauson,20251006,Wuhan,Hard,PM,R64,Olga Danilovic,6-3 7-5,57,31,10,94,32,19
Coco Gauff,20251006,Wuhan,Hard,PM,F,Jessica Pegula,6-4 7-5,73,34,7,68,22,11
Coco Gauff,20251006,Wuhan,Hard,PM,QF,Laura Siegemund,6-3 6-0,56,23,13,45,12,6
Coco Gauff,20251006,Wuhan,Hard,PM,R16,Shuai Zhang,6-3 6-2,50,21,10,50,19,2
Coco Gauff,20251006,Wuhan,Hard,PM,R32,Moyuka Uchijima,6-1 6-0,33,25,3,44,12,5
Coco Gauff,20251006,Wuhan,Hard,PM,SF,Jasmine Paolini,6-4 6-3,55,22,5,56,18,6
Ekaterina Alexandrova,20251006,Wuhan,Hard,PM,R32,Ann Li,7-6(5) 6-2,79,36,15,62,24,11
Ekaterina Alexandrova,20251006,Wuhan,Hard,PM,R64,Victoria Mboko,6-3 6-2,60,22,17,56,16,14
Elena Rybakina,20251006,Wuhan,Hard,PM,R16,Linda Noskova,6-3 6-4,57,24,20,84,29,18
Elena Rybakina,20251006,Wuhan,Hard,PM,R32,Jaqueline Cristian,6-4 6-3,57,30,11,61,22,14
Elise Mertens,20251006,Wuhan,Hard,PM,R64,Polina Kudermetova,7-6(5) 6-3,84,37,18,81,29,19
Hailey Baptiste,20251006,Wuhan,Hard,PM,R64,Ashlyn Krueger,2-6 6-4 6-2,74,36,12,68,27,14
Iga Swiatek,20251006,Wuhan,Hard,PM,R16,Belinda Bencic,7-6(2) 6-4,63,32,10,86,33,12
Iga Swiatek,20251006,Wuhan,Hard,PM,R32,Marie Bouzkova,6-1 6-1,46,25,4,51,12,8
Iva Jovic,20251006,Wuhan,Hard,PM,R32,Jessica Bouzas Maneiro,6-4 6-4,48,16,14,59,16,15
Jasmine Paolini,20251006,Wuhan,Hard,PM,QF,Iga Swiatek,6-1 6-2,39,19,8,38,11,2
Jasmine Paolini,20251006,Wuhan,Hard,PM,R16,Clara Tauson,3-6 6-1 3-1 RET,65,26,12,57,16,14
Jasmine Paolini,20251006,Wuhan,Hard,PM,R32,Yue Yuan,3-6 6-4 6-3,90,46,13,83,32,21
Jessica Pegula,20251006,Wuhan,Hard,PM,QF,Katerina Siniakova,2-6 6-0 6-3,67,35,10,66,23,12
Jessica Pegula,20251006,Wuhan,Hard,PM,R16,Ekaterina Alexandrova,7-5 3-6 6-3,94,41,18,89,36,17
Jessica Pegula,20251006,Wuhan,Hard,PM,R32,Hailey Baptiste,6-4 4-6 7-6(6),126,45,26,122,53,13
Jessica Pegula,20251006,Wuhan,Hard,PM,SF,Aryna Sabalenka,2-6 6-4 7-6(2),103,37,16,101,41,7
Karolina Muchova,20251006,Wuhan,Hard,PM,R64,Marta Kostyuk,2-6 6-2 6-4,85,37,15,94,34,19
Linda Noskova,20251006,Wuhan,Hard,PM,R32,Naomi Osaka,7-6(2) 6-3,71,31,19,55,23,15
Linda Noskova,20251006,Wuhan,Hard,PM,R64,Yulia Putintseva,6-4 4-6 7-6(2),124,44,26,107,43,16
Liudmila Samsonova,20251006,Wuhan,Hard,PM,R32,Sofia Kenin,3-6 6-3 6-1,69,27,19,86,36,10
Liudmila Samsonova,20251006,Wuhan,Hard,PM,R64,Emiliana Arango,6-1 7-5,59,24,16,70,22,15
Magdalena Frech,20251006,Wuhan,Hard,PM,R32,Karolina Muchova,7-6(1) 4-1 RET,71,26,16,58,26,3
Magdalena Frech,20251006,Wuhan,Hard,PM,R64,Veronika Kudermetova,6-3 2-6 6-3,94,30,25,85,32,17
Marie Bouzkova,20251006,Wuhan,Hard,PM,R64,Camila Osorio,6-3 6-4,57,24,5,78,29,5
Naomi Osaka,20251006,Wuhan,Hard,PM,R64,Leylah Fernandez,4-6 7-5 6-3,115,47,24,84,34,17
Sorana Cirstea,20251006,Wuhan,Hard,PM,R64,Jelena Ostapenko,6-0 2-1 RET,25,9,7,22,1,4
Belinda Bencic,20251013,Ningbo,Hard,P,QF,Jasmine Paolini,5-7 7-5 6-3,106,36,19,128,47,24
Clara Tauson,20251013,Ningbo,Hard,P,R32,Ajla Tomljanovic,1-6 7-6(4) 6-3,94,38,18,84,41,6
Diana Shnaider,20251013,Ningbo,Hard,P,SF,Ekaterina Alexandrova,6-3 6-4,53,18,10,82,35,15
Ekaterina Alexandrova,20251013,Ningbo,Hard,P,F,Elena Rybakina,3-6 6-0 6-2,95,37,14,66,35,11
Jasmine Paolini,20251013,Ningbo,Hard,P,SF,Elena Rybakina,6-3 6-2,69,29,9,61,28,13
Karolina Muchova,20251013,Ningbo,Hard,P,R16,Diana Shnaider,2-6 6-1 6-2,77,36,4,68,34,10
Liudmila Samsonova,20251013,Ningbo,Hard,P,R16,Mccartney Kessler,7-6(5) 6-1,61,18,12,71,29,13
Mirra Andreeva,20251013,Ningbo,Hard,P,R16,Lin Zhu,4-6 6-3 6-2,97,36,13,98,44,14
Victoria Mboko,20251013,Ningbo,Hard,P,R32,Dayana Yastremska,6-3 7-6(3),82,26,11,88,26,22
Xin Yu Wang,20251013,Ningbo,Hard,P,R32,Yue Yuan,6-3 6-3,64,22,8,53,28,5
Yuliia Starodubtseva,20251013,Ningbo,Hard,P,R16,Belinda Bencic,5-7 6-4 7-5,112,39,24,111,42,25
Belinda Bencic,20251013,Ningbo,Hard,P,R16,Yuliia Starodubtseva,5-7 6-4 7-5,111,42,25,112,39,24
Belinda Bencic,20251013,Ningbo,Hard,P,R32,Magda Linette,6-3 6-2,71,38,10,56,21,7
Diana Shnaider,20251013,Ningbo,Hard,P,QF,Lin Zhu,2-6 6-3 6-1,70,33,10,70,28,6
Diana Shnaider,20251013,Ningbo,Hard,P,R16,Karolina Muchova,2-6 6-1 6-2,68,34,10,77,36,4
Diana Shnaider,20251013,Ningbo,Hard,P,R32,Xiyu Wang,7-5 6-3,76,27,17,63,24,10
Ekaterina Alexandrova,20251013,Ningbo,Hard,P,QF,Mccartney Kessler,6-3 6-3,72,32,13,69,32,5
Ekaterina Alexandrova,20251013,Ningbo,Hard,P,R16,Yue Yuan,6-3 6-3,50,29,6,71,24,12
Ekaterina Alexandrova,20251013,Ningbo,Hard,P,SF,Diana Shnaider,6-3 6-4,82,35,15,53,18,10
Elena Rybakina,20251013,Ningbo,Hard,P,F,Ekaterina Alexandrova,3-6 6-0 6-2,66,35,11,95,37,14
Elena Rybakina,20251013,Ningbo,Hard,P,QF,Ajla Tomljanovic,6-2 6-0,36,16,10,53,17,4
Elena Rybakina,20251013,Ningbo,Hard,P,R16,Dayana Yastremska,6-4 6-7(6) 6-3,99,39,27,120,46,23
Elena Rybakina,20251013,Ningbo,Hard,P,SF,Jasmine Paolini,6-3 6-2,61,28,13,69,29,9
Jasmine Paolini,20251013,Ningbo,Hard,P,QF,Belinda Bencic,5-7 7-5 6-3,128,47,24,106,36,19
Jasmine Paolini,20251013,Ningbo,Hard,P,R16,Veronika Kudermetova,6-2 7-5,55,26,9,56,22,6
Karolina Muchova,20251013,Ningbo,Hard,P,R32,Marketa Vondrousova,6-4 6-3,57,19,18,69,23,12
Liudmila Samsonova,20251013,Ningbo,Hard,P,R32,Hanyu Guo,6-2 6-4,74,19,20,70,19,14
Yuliia Starodubtseva,20251013,Ningbo,Hard,P,R32,Yulia Putintseva,6-4 6-2,59,24,12,51,18,10
Alexandra Eala,20251013,Osaka,Hard,I,R32,Tereza Valentova,6-1 6-2,55,19,5,67,28,10
Ann Li,20251013,Osaka,Hard,I,R16,Rebecca Sramkova,6-2 3-6 6-3,69,31,15,99,43,19
Cristina Bucsa,20251013,Osaka,Hard,I,R32,Elise Mertens,7-6(5) 6-3,75,33,14,71,27,22
Elise Mertens,20251013,Osaka,Hard,I,R16,Tereza Valentova,6-4 6-1,45,18,5,54,25,13
Hailey Baptiste,20251013,Osaka,Hard,I,R32,Leylah Fernandez,6-2 7-5,54,24,6,69,29,16
Linda Noskova,20251013,Osaka,Hard,I,R32,Katie Boulter,7-6(3) 6-3,64,24,7,70,29,13
Maria Sakkari,20251013,Osaka,Hard,I,R32,Ashlyn Krueger,2-6 6-3 6-4,107,44,20,92,38,20
Marie Bouzkova,20251013,Osaka,Hard,I,R16,Viktorija Golubic,1-6 6-2 7-6(3),96,40,9,91,37,7
Naomi Osaka,20251013,Osaka,Hard,I,QF,Jaqueline Cristian,W/O,,,,,,
Sorana Cirstea,20251013,Osaka,Hard,I,SF,Leylah Fernandez,6-1 2-6 6-4,75,21,16,77,33,10
Ann Li,20251013,Osaka,Hard,I,R32,Varvara Gracheva,6-4 6-0,37,20,6,59,15,9
Elise Mertens,20251013,Osaka,Hard,I,R32,Cristina Bucsa,7-6(5) 6-3,71,27,22,75,33,14
Leylah Fernandez,20251013,Osaka,Hard,I,F,Tereza Valentova,6-0 5-7 6-3,79,37,11,83,25,15
Leylah Fernandez,20251013,Osaka,Hard,I,QF,Rebecca Sramkova,7-6(2) 6-3,59,28,10,74,26,14
Leylah Fernandez,20251013,Osaka,Hard,I,R16,Dalma Galfi,6-1 6-4,53,29,10,64,25,9
Leylah Fernandez,20251013,Osaka,Hard,I,R32,Hailey Baptiste,6-2 7-5,69,29,16,54,24,6
Leylah Fernandez,20251013,Osaka,Hard,I,SF,Sorana Cirstea,6-1 2-6 6-4,77,33,10,75,21,16
Marie Bouzkova,20251013,Osaka,Hard,I,R32,Ena Shibahara,6-1 6-1,45,25,7,41,11,5
Naomi Osaka,20251013,Osaka,Hard,I,R16,Suzan Lamens,7-6(6) 3-6 6-2,85,38,16,97,42,15
Naomi Osaka,20251013,Osaka,Hard,I,R32,Wakana Sonobe,6-0 6-4,39,15,15,65,20,11
Sorana Cirstea,20251013,Osaka,Hard,I,QF,Viktorija Golubic,6-2 2-6 6-2,64,28,15,78,33,10
Sorana Cirstea,20251013,Osaka,Hard,I,R16,Katie Boulter,6-3 6-1,44,14,14,48,14,6
Sorana Cirstea,20251013,Osaka,Hard,I,R32,Moyuka Uchijima,2-6 6-4 6-2,76,31,11,79,27,14
Alexandra Eala,20251020,Guangzhou,Hard,I,R32,Claire Liu,2-6 6-4 6-4,91,38,12,89,35,11
Diane Parry,20251020,Guangzhou,Hard,I,R32,Elisabetta Cocciaretto,6-4 6-7(7) 6-2,103,40,16,98,51,10
Ann Li,20251020,Guangzhou,Hard,I,F,Lulu Sun,7-6(6) 6-2,81,32,19,83,29,17
Ann Li,20251020,Guangzhou,Hard,I,QF,Elisabetta Cocciaretto,6-3 6-4,67,27,13,62,18,12
Ann Li,20251020,Guangzhou,Hard,I,R16,Camila Osorio,7-5 6-2,56,24,13,78,32,8
Ann Li,20251020,Guangzhou,Hard,I,R32,Victoria Jimenez Kasintseva,6-4 7-6(4),79,28,19,95,39,11
Ann Li,20251020,Guangzhou,Hard,I,SF,Shuai Zhang,5-2 RET,28,16,3,16,7,2
Anna Kalinskaya,20251020,Tokyo,Hard,P,QF,Linda Noskova,6-0 1-0 RET,21,4,3,31,15,7
Cristina Bucsa,20251020,Tokyo,Hard,P,R32,Mccartney Kessler,3-6 7-5 6-3,105,42,19,95,44,16
Diana Shnaider,20251020,Tokyo,Hard,P,R16,Anna Kalinskaya,7-6(4) 2-6 7-6(5),109,52,13,113,50,14
Ekaterina Alexandrova,20251020,Tokyo,Hard,P,QF,Sofia Kenin,6-0 2-6 7-6(3),95,46,5,98,48,8
Elena Rybakina,20251020,Tokyo,Hard,P,SF,Linda Noskova,W/O,,,,,,
Karolina Muchova,20251020,Tokyo,Hard,P,QF,Belinda Bencic,3-6 7-5 7-5,113,50,14,110,49,16
Leylah Fernandez,20251020,Tokyo,Hard,P,R16,Elena Rybakina,6-4 6-3,48,20,7,69,25,19
Linda Noskova,20251020,Tokyo,Hard,P,F,Belinda Bencic,6-2 6-3,51,19,9,69,37,9
Maria Sakkari,20251020,Tokyo,Hard,P,R32,Leylah Fernandez,7-6(5) 6-4,74,23,12,74,29,12
Nikola Bartunkova,20251020,Tokyo,Hard,P,R32,Wakana Sonobe,6-4 6-3,76,29,13,99,39,20
Victoria Mboko,20251020,Tokyo,Hard,P,QF,Elena Rybakina,6-3 7-6(4),65,40,3,65,30,21
Xin Yu Wang,20251020,Tokyo,Hard,P,R32,Varvara Gracheva,4-6 6-3 6-4,87,41,8,99,35,19
Anna Kalinskaya,20251020,Tokyo,Hard,P,R16,Diana Shnaider,7-6(4) 2-6 7-6(5),113,50,14,109,52,13
Anna Kalinskaya,20251020,Tokyo,Hard,P,R32,Suzan Lamens,6-3 6-1,51,22,10,45,15,3
Belinda Bencic,20251020,Tokyo,Hard,P,F,Linda Noskova,6-2 6-3,69,37,9,51,19,9
Belinda Bencic,20251020,Tokyo,Hard,P,QF,Karolina Muchova,3-6 7-5 7-5,110,49,16,113,50,14
Belinda Bencic,20251020,Tokyo,Hard,P,R16,Varvara Gracheva,6-4 6-3,51,20,10,57,18,8
Belinda Bencic,20251020,Tokyo,Hard,P,SF,Sofia Kenin,7-6(5) 3-6 6-2,91,45,16,95,43,17
Diana Shnaider,20251020,Tokyo,Hard,P,R32,Dayana Yastremska,6-3 6-1,49,19,10,47,13,7
Ekaterina Alexandrova,20251020,Tokyo,Hard,P,R16,Jaqueline Cristian,6-1 6-2,50,27,8,51,17,8
Elena Rybakina,20251020,Tokyo,Hard,P,QF,Victoria Mboko,6-3 7-6(4),65,30,21,65,40,3
Elena Rybakina,20251020,Tokyo,Hard,P,R16,Leylah Fernandez,6-4 6-3,69,25,19,48,20,7
Karolina Muchova,20251020,Tokyo,Hard,P,R16,Maya Joint,6-3 7-5,52,30,7,71,24,13
Karolina Muchova,20251020,Tokyo,Hard,P,R32,Marketa Vondrousova,6-2 1-0 RET,36,18,6,32,13,3
Leylah Fernandez,20251020,Tokyo,Hard,P,R32,Maria Sakkari,7-6(5) 6-4,74,29,12,74,23,12
Linda Noskova,20251020,Tokyo,Hard,P,QF,Anna Kalinskaya,6-0 1-0 RET,31,15,7,21,4,3
Linda Noskova,20251020,Tokyo,Hard,P,R16,Mccartney Kessler,5-7 6-3 6-4,99,46,15,95,44,13
Linda Noskova,20251020,Tokyo,Hard,P,SF,Elena Rybakina,W/O,,,,,,
Victoria Mboko,20251020,Tokyo,Hard,P,R16,Eva Lys,6-1 6-1,38,26,4,54,19,6
Victoria Mboko,20251020,Tokyo,Hard,P,R32,Bianca Andreescu,6-3 6-3,51,27,8,52,18,11
Diane Parry,20251027,Chennai,Hard,I,R16,Mia Pohankova,6-3 6-4,54,16,11,52,15,15
Donna Vekic,20251027,Chennai,Hard,I,QF,Kimberly Birrell,6-4 6-0,46,13,9,43,22,12
Kimberly Birrell,20251027,Chennai,Hard,I,F,Janice Tjen,6-4 6-3,59,24,4,93,37,16
Nikola Bartunkova,20251027,Chennai,Hard,I,R32,Kimberly Birrell,1-6 6-1 6-3,68,20,11,64,29,7
Diane Parry,20251027,Chennai,Hard,I,R32,Thasaporn Naklo,6-2 6-0,51,20,15,48,11,10
Donna Vekic,20251027,Chennai,Hard,I,R16,Sahaja Yamalapalli,6-2 6-2,41,18,14,56,13,15
Donna Vekic,20251027,Chennai,Hard,I,R32,Vaishnavi Adkar,6-1 6-2,73,33,10,46,14,5
Janice Tjen,20251027,Chennai,Hard,I,F,Kimberly Birrell,6-4 6-3,93,37,16,59,24,4
Janice Tjen,20251027,Chennai,Hard,I,QF,Mia Pohankova,6-3 6-1,46,22,10,65,24,5
Janice Tjen,20251027,Chennai,Hard,I,R16,Linda Fruhvirtova,2-6 6-3 6-2,77,36,9,83,30,12
Janice Tjen,20251027,Chennai,Hard,I,R32,Caroline Uebelhoer,6-4 6-7(5) 6-2,87,42,22,93,44,17
Janice Tjen,20251027,Chennai,Hard,I,SF,Lanlana Tararudee,7-6(6) 7-6(5),84,38,20,94,40,20
Kimberly Birrell,20251027,Chennai,Hard,I,QF,Donna Vekic,6-4 6-0,43,22,12,46,13,9
Kimberly Birrell,20251027,Chennai,Hard,I,R16,Shrivalli Rashmikaa Bhamidipaty,7-5 7-6(2),71,27,11,112,34,19
Kimberly Birrell,20251027,Chennai,Hard,I,R32,Nikola Bartunkova,1-6 6-1 6-3,64,29,7,68,20,11
Kimberly Birrell,20251027,Chennai,Hard,I,SF,Joanna Garland,6-7(2) 6-3 7-5,100,56,13,120,54,19
Alexandra Eala,20251027,Hong Kong,Hard,I,R16,Victoria Mboko,3-6 6-3 6-4,85,38,10,105,49,15
Anna Kalinskaya,20251027,Hong Kong,Hard,I,QF,Victoria Mboko,6-1 3-1 RET,34,9,7,42,24,5
Belinda Bencic,20251027,Hong Kong,Hard,I,QF,Cristina Bucsa,W/O,,,,,,
Cristina Bucsa,20251027,Hong Kong,Hard,I,F,Victoria Mboko,7-5 6-7(9) 6-2,125,51,19,127,53,24
Leylah Fernandez,20251027,Hong Kong,Hard,I,SF,Victoria Mboko,2-6 6-3 6-2,66,27,14,76,39,9
Sorana Cirstea,20251027,Hong Kong,Hard,I,QF,Leylah Fernandez,6-4 6-4,73,31,9,68,32,12
Talia Gibson,20251027,Hong Kong,Hard,I,R32,Victoria Mboko,6-7(2) 6-1 6-4,81,42,13,93,56,9
Alexandra Eala,20251027,Hong Kong,Hard,I,R32,Katie Boulter,6-4 2-1 RET,40,14,10,50,19,7
Anna Kalinskaya,20251027,Hong Kong,Hard,I,R16,Shuai Zhang,6-1 6-1,48,25,5,37,8,4
Anna Kalinskaya,20251027,Hong Kong,Hard,I,R32,Kamilla Rakhimova,6-4 6-4,61,31,7,71,33,5
Belinda Bencic,20251027,Hong Kong,Hard,I,R16,Yafan Wang,6-2 6-2,39,25,7,61,21,11
Belinda Bencic,20251027,Hong Kong,Hard,I,R32,Aliaksandra Sasnovich,6-3 6-4,66,27,14,54,22,6
Cristina Bucsa,20251027,Hong Kong,Hard,I,QF,Belinda Bencic,W/O,,,,,,
Cristina Bucsa,20251027,Hong Kong,Hard,I,R16,Emiliana Arango,6-2 6-4,78,31,9,61,23,2
Cristina Bucsa,20251027,Hong Kong,Hard,I,R32,Ye Xin Ma,6-1 6-2,48,25,9,55,19,6
Cristina Bucsa,20251027,Hong Kong,Hard,I,SF,Maya Joint,6-3 6-1,42,28,5,54,23,5
Leylah Fernandez,20251027,Hong Kong,Hard,I,QF,Sorana Cirstea,6-4 6-4,68,32,12,73,31,9
Leylah Fernandez,20251027,Hong Kong,Hard,I,R16,Eva Lys,6-4 6-1,47,24,9,52,21,5
Leylah Fernandez,20251027,Hong Kong,Hard,I,R32,Xiyu Wang,6-1 6-4,52,22,10,53,17,6
Sorana Cirstea,20251027,Hong Kong,Hard,I,R16,Ajla Tomljanovic,4-6 6-4 6-3,114,48,19,86,38,10
Sorana Cirstea,20251027,Hong Kong,Hard,I,R32,Dalma Galfi,7-5 6-3,55,30,9,66,27,10
Victoria Mboko,20251027,Hong Kong,Hard,I,F,Cristina Bucsa,7-5 6-7(9) 6-2,127,53,24,125,51,19
Victoria Mboko,20251027,Hong Kong,Hard,I,QF,Anna Kalinskaya,6-1 3-1 RET,42,24,5,34,9,7
Victoria Mboko,20251027,Hong Kong,Hard,I,R16,Alexandra Eala,3-6 6-3 6-4,105,49,15,85,38,10
Victoria Mboko,20251027,Hong Kong,Hard,I,R32,Talia Gibson,6-7(2) 6-1 6-4,93,56,9,81,42,13
Victoria Mboko,20251027,Hong Kong,Hard,I,SF,Leylah Fernandez,2-6 6-3 6-2,76,39,9,66,27,14
Ann Li,20251027,Jiujiang,Hard,I,R32,Zhuoxuan Bai,6-3 6-1,50,15,7,49,21,9
Yuliia Starodubtseva,20251027,Jiujiang,Hard,I,R32,Wushuang Zheng,6-3 7-6(5),70,27,13,78,37,11
Amanda Anisimova,20251101,Riyadh Finals,Hard,F,RR,Elena Rybakina,6-3 6-1,47,19,5,45,27,7
Amanda Anisimova,20251101,Riyadh Finals,Hard,F,SF,Aryna Sabalenka,6-3 3-6 6-3,108,43,17,107,44,14
Aryna Sabalenka,20251101,Riyadh Finals,Hard,F,F,Elena Rybakina,6-3 7-6(0),73,30,14,73,34,19
Coco Gauff,20251101,Riyadh Finals,Hard,F,RR,Jessica Pegula,6-3 6-7(4) 6-2,115,40,15,92,40,12
Coco Gauff,20251101,Riyadh Finals,Hard,F,RR,Aryna Sabalenka,7-6(5) 6-2,56,22,7,68,35,8
Ekaterina Alexandrova,20251101,Riyadh Finals,Hard,F,RR,Elena Rybakina,6-4 6-4,52,25,7,63,30,14
Iga Swiatek,20251101,Riyadh Finals,Hard,F,RR,Elena Rybakina,3-6 6-1 6-0,71,32,7,61,29,14
Iga Swiatek,20251101,Riyadh Finals,Hard,F,RR,Amanda Anisimova,6-7(3) 6-4 6-2,111,52,18,99,46,20
Jasmine Paolini,20251101,Riyadh Finals,Hard,F,RR,Jessica Pegula,6-2 6-3,65,25,9,41,24,9
Jasmine Paolini,20251101,Riyadh Finals,Hard,F,RR,Aryna Sabalenka,6-3 6-1,58,18,11,54,29,5
Jasmine Paolini,20251101,Riyadh Finals,Hard,F,RR,Coco Gauff,6-3 6-2,57,24,4,50,20,15
Jessica Pegula,20251101,Riyadh Finals,Hard,F,RR,Aryna Sabalenka,6-4 2-6 6-3,93,41,14,82,30,21
Jessica Pegula,20251101,Riyadh Finals,Hard,F,SF,Elena Rybakina,4-6 6-4 6-3,101,41,15,89,41,14
Madison Keys,20251101,Riyadh Finals,Hard,F,RR,Amanda Anisimova,4-6 6-3 6-2,74,26,15,82,34,17
Madison Keys,20251101,Riyadh Finals,Hard,F,RR,Iga Swiatek,6-1 6-2,42,14,2,45,23,9
Amanda Anisimova,20251101,Riyadh Finals,Hard,F,RR,Madison Keys,4-6 6-3 6-2,82,34,17,74,26,15
Amanda Anisimova,20251101,Riyadh Finals,Hard,F,RR,Iga Swiatek,6-7(3) 6-4 6-2,99,46,20,111,52,18
Aryna Sabalenka,20251101,Riyadh Finals,Hard,F,RR,Jasmine Paolini,6-3 6-1,54,29,5,58,18,11
Aryna Sabalenka,20251101,Riyadh Finals,Hard,F,RR,Jessica Pegula,6-4 2-6 6-3,82,30,21,93,41,14
Aryna Sabalenka,20251101,Riyadh Finals,Hard,F,RR,Coco Gauff,7-6(5) 6-2,68,35,8,56,22,7
Aryna Sabalenka,20251101,Riyadh Finals,Hard,F,SF,Amanda Anisimova,6-3 3-6 6-3,107,44,14,108,43,17
Coco Gauff,20251101,Riyadh Finals,Hard,F,RR,Jasmine Paolini,6-3 6-2,50,20,15,57,24,4
Elena Rybakina,20251101,Riyadh Finals,Hard,F,F,Aryna Sabalenka,6-3 7-6(0),73,34,19,73,30,14
Elena Rybakina,20251101,Riyadh Finals,Hard,F,RR,Iga Swiatek,3-6 6-1 6-0,61,29,14,71,32,7
Elena Rybakina,20251101,Riyadh Finals,Hard,F,RR,Amanda Anisimova,6-3 6-1,45,27,7,47,19,5
Elena Rybakina,20251101,Riyadh Finals,Hard,F,RR,Ekaterina Alexandrova,6-4 6-4,63,30,14,52,25,7
Elena Rybakina,20251101,Riyadh Finals,Hard,F,SF,Jessica Pegula,4-6 6-4 6-3,89,41,14,101,41,15
Iga Swiatek,20251101,Riyadh Finals,Hard,F,RR,Madison Keys,6-1 6-2,45,23,9,42,14,2
Jessica Pegula,20251101,Riyadh Finals,Hard,F,RR,Jasmine Paolini,6-2 6-3,41,24,9,65,25,9
Jessica Pegula,20251101,Riyadh Finals,Hard,F,RR,Coco Gauff,6-3 6-7(4) 6-2,92,40,12,115,40,15
Amanda Anisimova,20260104,Brisbane,Hard,P,R16,Marta Kostyuk,6-4 6-3,68,28,8,60,31,8
Anastasia Potapova,20260104,Brisbane,Hard,P,R32,Diana Shnaider,6-1 6-3,52,18,5,58,32,6
Ann Li,20260104,Brisbane,Hard,P,R64,Olivia Gadecki,6-4 6-4,64,21,13,75,33,11
Anna Kalinskaya,20260104,Brisbane,Hard,P,R32,Jessica Pegula,6-2 2-6 6-4,82,37,10,84,32,16
Clara Tauson,20260104,Brisbane,Hard,P,R32,Aliaksandra Sasnovich,6-2 6-3,56,22,7,51,24,12
Cristina Bucsa,20260104,Brisbane,Hard,P,R32,Aryna Sabalenka,6-0 6-1,40,11,4,36,22,7
Diana Shnaider,20260104,Brisbane,Hard,P,R16,Madison Keys,6-7(5) 7-6(5) 7-6(4),124,56,16,124,55,17
Ekaterina Alexandrova,20260104,Brisbane,Hard,P,R16,Karolina Muchova,6-4 7-5,68,29,7,76,30,13
Elena Rybakina,20260104,Brisbane,Hard,P,QF,Karolina Muchova,6-2 2-6 6-4,91,33,20,69,37,10
Hailey Baptiste,20260104,Brisbane,Hard,P,R64,Yulia Putintseva,6-2 6-4,54,20,10,60,29,10
Jelena Ostapenko,20260104,Brisbane,Hard,P,R32,Sorana Cirstea,6-2 7-6(5),71,29,11,67,30,16
Jessica Pegula,20260104,Brisbane,Hard,P,SF,Marta Kostyuk,6-0 6-3,37,10,7,45,22,13
Karolina Muchova,20260104,Brisbane,Hard,P,SF,Aryna Sabalenka,6-3 6-4,59,31,6,64,36,10
Kimberly Birrell,20260104,Brisbane,Hard,P,R32,Amanda Anisimova,6-1 6-3,50,18,4,42,19,11
Leylah Fernandez,20260104,Brisbane,Hard,P,R32,Dayana Yastremska,6-1 6-2,42,12,7,42,22,11
Linda Noskova,20260104,Brisbane,Hard,P,R16,Mirra Andreeva,5-7 6-4 7-5,107,45,23,107,47,22
Liudmila Samsonova,20260104,Brisbane,Hard,P,QF,Jessica Pegula,6-3 7-6(3),90,34,14,62,35,6
Madison Keys,20260104,Brisbane,Hard,P,QF,Aryna Sabalenka,6-3 6-3,70,26,9,65,26,14
Magdalena Frech,20260104,Brisbane,Hard,P,R32,Linda Noskova,6-7(5) 6-4 6-4,97,49,12,116,45,29
Marie Bouzkova,20260104,Brisbane,Hard,P,R32,Paula Badosa,6-7(4) 6-4 6-2,117,41,24,105,43,21
Marta Kostyuk,20260104,Brisbane,Hard,P,F,Aryna Sabalenka,6-4 6-3,58,19,14,52,26,12
Mirra Andreeva,20260104,Brisbane,Hard,P,QF,Marta Kostyuk,7-6(7) 6-3,82,33,12,74,33,14
Sorana Cirstea,20260104,Brisbane,Hard,P,R16,Aryna Sabalenka,6-3 6-3,68,20,15,48,25,8
Talia Gibson,20260104,Brisbane,Hard,P,R64,Dayana Yastremska,7-6(3) 7-6(4),80,28,14,86,33,16
Amanda Anisimova,20260104,Brisbane,Hard,P,R32,Kimberly Birrell,6-1 6-3,42,19,11,50,18,4
Anastasia Potapova,20260104,Brisbane,Hard,P,R64,Daria Kasatkina,7-5 4-6 6-4,106,47,19,112,42,19
Anna Kalinskaya,20260104,Brisbane,Hard,P,R64,Tereza Valentova,6-4 6-4,81,38,9,53,20,7
Aryna Sabalenka,20260104,Brisbane,Hard,P,F,Marta Kostyuk,6-4 6-3,52,26,12,58,19,14
Aryna Sabalenka,20260104,Brisbane,Hard,P,QF,Madison Keys,6-3 6-3,65,26,14,70,26,9
Aryna Sabalenka,20260104,Brisbane,Hard,P,R16,Sorana Cirstea,6-3 6-3,48,25,8,68,20,15
Aryna Sabalenka,20260104,Brisbane,Hard,P,R32,Cristina Bucsa,6-0 6-1,36,22,7,40,11,4
Aryna Sabalenka,20260104,Brisbane,Hard,P,SF,Karolina Muchova,6-3 6-4,64,36,10,59,31,6
Cristina Bucsa,20260104,Brisbane,Hard,P,R64,Anna Bondar,4-6 7-6(4) 6-2,93,42,11,109,35,26
Diana Shnaider,20260104,Brisbane,Hard,P,R32,Anastasia Potapova,6-1 6-3,58,32,6,52,18,5
Ekaterina Alexandrova,20260104,Brisbane,Hard,P,R32,Sofia Kenin,7-6(2) 6-3,60,34,11,83,37,11
Elena Rybakina,20260104,Brisbane,Hard,P,R16,Paula Badosa,6-3 6-2,46,17,15,75,23,14
Elena Rybakina,20260104,Brisbane,Hard,P,R32,Shuai Zhang,6-3 7-5,62,29,13,63,26,9
Jessica Pegula,20260104,Brisbane,Hard,P,QF,Liudmila Samsonova,6-3 7-6(3),62,35,6,90,34,14
Jessica Pegula,20260104,Brisbane,Hard,P,R16,Dayana Yastremska,5-7 6-2 6-3,83,32,20,111,38,21
Jessica Pegula,20260104,Brisbane,Hard,P,R32,Anna Kalinskaya,6-2 2-6 6-4,84,32,16,82,37,10
Karolina Muchova,20260104,Brisbane,Hard,P,QF,Elena Rybakina,6-2 2-6 6-4,69,37,10,91,33,20
Karolina Muchova,20260104,Brisbane,Hard,P,R16,Ekaterina Alexandrova,6-4 7-5,76,30,13,68,29,7
Karolina Muchova,20260104,Brisbane,Hard,P,R32,Ajla Tomljanovic,4-6 6-1 7-6(5),96,41,13,112,43,14
Kimberly Birrell,20260104,Brisbane,Hard,P,R64,Rebecca Sramkova,6-4 3-6 6-3,90,42,14,89,37,16
Linda Noskova,20260104,Brisbane,Hard,P,R32,Magdalena Frech,6-7(5) 6-4 6-4,116,45,29,97,49,12
Liudmila Samsonova,20260104,Brisbane,Hard,P,R16,Aliaksandra Sasnovich,6-4 6-4,55,25,9,78,27,13
Liudmila Samsonova,20260104,Brisbane,Hard,P,R32,Emerson Jones,6-4 6-1,47,19,9,50,16,5
Madison Keys,20260104,Brisbane,Hard,P,R16,Diana Shnaider,6-7(5) 7-6(5) 7-6(4),124,55,17,124,56,16
Madison Keys,20260104,Brisbane,Hard,P,R32,Mccartney Kessler,6-4 6-3,61,30,12,64,25,11
Magdalena Frech,20260104,Brisbane,Hard,P,R64,Marketa Vondrousova,7-5 6-7(3) 7-6(0),149,61,32,139,68,18
Marie Bouzkova,20260104,Brisbane,Hard,P,R64,Jaqueline Cristian,6-4 6-3,53,28,7,59,23,7
Marta Kostyuk,20260104,Brisbane,Hard,P,QF,Mirra Andreeva,7-6(7) 6-3,74,33,14,82,33,12
Marta Kostyuk,20260104,Brisbane,Hard,P,R16,Amanda Anisimova,6-4 6-3,60,31,8,68,28,8
Marta Kostyuk,20260104,Brisbane,Hard,P,R32,Yulia Putintseva,6-7(5) 6-1 6-0,76,36,15,75,34,4
Marta Kostyuk,20260104,Brisbane,Hard,P,SF,Jessica Pegula,6-0 6-3,45,22,13,37,10,7
Mirra Andreeva,20260104,Brisbane,Hard,P,R16,Linda Noskova,5-7 6-4 7-5,107,47,22,107,45,23
Mirra Andreeva,20260104,Brisbane,Hard,P,R32,Olivia Gadecki,4-6 6-1 6-2,76,38,12,75,28,12
Sorana Cirstea,20260104,Brisbane,Hard,P,R32,Jelena Ostapenko,6-2 7-6(5),67,30,16,71,29,11
Sorana Cirstea,20260104,Brisbane,Hard,P,R64,Anastasia Pavlyuchenkova,6-3 6-1,44,25,7,44,17,4
Alexandra Eala,20260105,Auckland,Hard,I,SF,Xin Yu Wang,5-7 7-5 6-4,118,52,12,122,58,9
Donna Vekic,20260105,Auckland,Hard,I,R32,Alexandra Eala,4-6 6-4 6-4,95,34,16,104,40,18
Emma Navarro,20260105,Auckland,Hard,I,R32,Francesca Jones,7-5 2-6 6-4,87,41,10,94,36,15
Iva Jovic,20260105,Auckland,Hard,I,SF,Elina Svitolina,7-6(5) 6-2,65,23,8,69,27,13
Janice Tjen,20260105,Auckland,Hard,I,R32,Sonay Kartal,6-1 6-7(4) 6-3,105,39,22,92,49,15
Peyton Stearns,20260105,Auckland,Hard,I,R32,Kaitlin Quevedo,6-2 7-5,59,20,11,54,27,11
Sara Bejlek,20260105,Auckland,Hard,I,R16,Iva Jovic,7-6(3) 6-4,75,24,10,66,28,9
Xin Yu Wang,20260105,Auckland,Hard,I,F,Elina Svitolina,6-3 7-6(6),68,31,14,82,39,16
Yuliia Starodubtseva,20260105,Auckland,Hard,I,R32,Katie Boulter,6-3 6-3,51,21,5,63,20,17
Alexandra Eala,20260105,Auckland,Hard,I,QF,Magda Linette,6-3 6-2,63,27,10,62,18,11
Alexandra Eala,20260105,Auckland,Hard,I,R16,Petra Marcinko,6-0 6-2,48,21,9,39,8,4
Alexandra Eala,20260105,Auckland,Hard,I,R32,Donna Vekic,4-6 6-4 6-4,104,40,18,95,34,16
Elina Svitolina,20260105,Auckland,Hard,I,F,Xin Yu Wang,6-3 7-6(6),82,39,16,68,31,14
Elina Svitolina,20260105,Auckland,Hard,I,QF,Sonay Kartal,6-4 6-7(2) 7-6(5),105,49,17,101,49,16
Elina Svitolina,20260105,Auckland,Hard,I,R16,Katie Boulter,7-5 6-4,80,25,19,81,28,11
Elina Svitolina,20260105,Auckland,Hard,I,R32,Varvara Gracheva,6-3 6-1,48,22,8,66,21,7
Elina Svitolina,20260105,Auckland,Hard,I,SF,Iva Jovic,7-6(5) 6-2,69,27,13,65,23,8
Iva Jovic,20260105,Auckland,Hard,I,QF,Sofia Costoulas,6-2 7-6(6),82,36,12,65,20,12
Iva Jovic,20260105,Auckland,Hard,I,R16,Sara Bejlek,7-6(3) 6-4,66,28,9,75,24,10
Iva Jovic,20260105,Auckland,Hard,I,R32,Gabriela Andrea Knutson,4-6 6-1 6-0,66,32,15,60,21,9
Sara Bejlek,20260105,Auckland,Hard,I,R32,Panna Udvardy,7-5 6-1,63,37,4,68,28,8
Xin Yu Wang,20260105,Auckland,Hard,I,QF,Francesca Jones,6-4 4-3 RET,56,26,9,71,29,7
Xin Yu Wang,20260105,Auckland,Hard,I,R16,Renata Zarazua,7-5 6-4,78,36,11,77,29,13
Xin Yu Wang,20260105,Auckland,Hard,I,R32,Caty Mcnally,2-6 6-3 7-5,85,38,11,104,48,10
Xin Yu Wang,20260105,Auckland,Hard,I,SF,Alexandra Eala,5-7 7-5 6-4,122,58,9,118,52,12
Barbora Krejcikova,20260105,United Cup,Hard,I,QF,Elise Mertens,5-7 6-1 7-5,,,,,,
Coco Gauff,20260105,United Cup,Hard,I,RR,Jessica Bouzas Maneiro,6-1 6-7(3) 6-0,,,,,,
Elise Mertens,20260105,United Cup,Hard,I,SF,Belinda Bencic,6-3 4-6 7-6(0),,,,,,
Iga Swiatek,20260105,United Cup,Hard,I,F,Belinda Bencic,3-6 6-0 6-3,,,,,,
Iga Swiatek,20260105,United Cup,Hard,I,SF,Coco Gauff,6-4 6-2,,,,,,
Jasmine Paolini,20260105,United Cup,Hard,I,RR,Belinda Bencic,6-4 6-3,,,,,,
Maria Sakkari,20260105,United Cup,Hard,I,QF,Coco Gauff,6-3 6-2,,,,,,
Naomi Osaka,20260105,United Cup,Hard,I,RR,Maria Sakkari,6-4 6-2,,,,,,
Victoria Mboko,20260105,United Cup,Hard,I,RR,Elise Mertens,6-3 3-6 6-3,,,,,,
Barbora Krejcikova,20260105,United Cup,Hard,I,RR,Maya Joint,6-4 6-1,,,,,,
Barbora Krejcikova,20260105,United Cup,Hard,I,RR,Malene Helgo,6-4 6-3,,,,,,
Belinda Bencic,20260105,United Cup,Hard,I,F,Iga Swiatek,3-6 6-0 6-3,,,,,,
Belinda Bencic,20260105,United Cup,Hard,I,QF,Solana Sierra,6-2 6-2,,,,,,
Belinda Bencic,20260105,United Cup,Hard,I,RR,Leolia Jeanjean,6-2 6-4,,,,,,
Belinda Bencic,20260105,United Cup,Hard,I,RR,Jasmine Paolini,6-4 6-3,,,,,,
Belinda Bencic,20260105,United Cup,Hard,I,SF,Elise Mertens,6-3 4-6 7-6(0),,,,,,
Coco Gauff,20260105,United Cup,Hard,I,QF,Maria Sakkari,6-3 6-2,,,,,,
Coco Gauff,20260105,United Cup,Hard,I,RR,Solana Sierra,6-1 6-1,,,,,,
Coco Gauff,20260105,United Cup,Hard,I,SF,Iga Swiatek,6-4 6-2,,,,,,
Elise Mertens,20260105,United Cup,Hard,I,QF,Barbora Krejcikova,5-7 6-1 7-5,,,,,,
Elise Mertens,20260105,United Cup,Hard,I,RR,Lin Zhu,6-2 6-2,,,,,,
Elise Mertens,20260105,United Cup,Hard,I,RR,Victoria Mboko,6-3 3-6 6-3,,,,,,
Iga Swiatek,20260105,United Cup,Hard,I,QF,Maya Joint,6-1 6-1,,,,,,
Iga Swiatek,20260105,United Cup,Hard,I,RR,Eva Lys,3-6 6-3 6-4,,,,,,
Iga Swiatek,20260105,United Cup,Hard,I,RR,Suzan Lamens,6-3 6-2,,,,,,
Jasmine Paolini,20260105,United Cup,Hard,I,RR,Leolia Jeanjean,6-2 6-3,,,,,,
Maria Sakkari,20260105,United Cup,Hard,I,RR,Emma Raducanu,6-3 3-6 6-1,,,,,,
Maria Sakkari,20260105,United Cup,Hard,I,RR,Naomi Osaka,6-4 6-2,,,,,,
Naomi Osaka,20260105,United Cup,Hard,I,RR,Katie Swan,7-6(4) 6-1,,,,,,
Victoria Mboko,20260105,United Cup,Hard,I,RR,Lin Zhu,2-6 6-2 6-0,,,,,,
Anastasia Potapova,20260112,Adelaide,Hard,P,R32,Kimberly Birrell,6-4 6-4,82,27,9,46,13,11
Anna Kalinskaya,20260112,Adelaide,Hard,P,R16,Victoria Mboko,6-2 3-6 7-6(6),106,42,15,102,44,15
Clara Tauson,20260112,Adelaide,Hard,P,R32,Ajla Tomljanovic,7-6(5) 0-0 RET,47,20,6,51,18,10
Diana Shnaider,20260112,Adelaide,Hard,P,SF,Mirra Andreeva,6-3 6-2,61,23,5,58,24,12
Ekaterina Alexandrova,20260112,Adelaide,Hard,P,R32,Jaqueline Cristian,6-4 6-4,75,23,14,68,24,15
Emma Navarro,20260112,Adelaide,Hard,P,QF,Diana Shnaider,6-3 6-3,59,22,9,57,30,8
Jelena Ostapenko,20260112,Adelaide,Hard,P,R32,Tereza Valentova,7-5 3-2 RET,56,19,11,47,19,11
Kimberly Birrell,20260112,Adelaide,Hard,P,SF,Victoria Mboko,6-2 6-1,46,14,6,40,24,6
Leylah Fernandez,20260112,Adelaide,Hard,P,R32,Diana Shnaider,7-5 6-3,68,31,12,71,35,15
Liudmila Samsonova,20260112,Adelaide,Hard,P,R32,Marketa Vondrousova,6-1 4-6 6-2,87,25,20,67,28,16
Madison Keys,20260112,Adelaide,Hard,P,QF,Victoria Mboko,6-4 4-6 6-2,95,36,15,85,33,16
Maria Sakkari,20260112,Adelaide,Hard,P,R32,Daria Kasatkina,7-6(2) 6-4,85,30,7,71,29,7
Marie Bouzkova,20260112,Adelaide,Hard,P,R16,Mirra Andreeva,6-3 6-1,44,16,3,48,26,7
Victoria Mboko,20260112,Adelaide,Hard,P,F,Mirra Andreeva,6-3 6-1,55,19,5,41,24,6
Anna Kalinskaya,20260112,Adelaide,Hard,P,R32,Elena Gabriela Ruse,6-0 6-3,59,22,10,45,11,4
Diana Shnaider,20260112,Adelaide,Hard,P,QF,Emma Navarro,6-3 6-3,57,30,8,59,22,9
Diana Shnaider,20260112,Adelaide,Hard,P,R16,Katerina Siniakova,6-1 2-6 7-5,85,34,18,78,32,12
Diana Shnaider,20260112,Adelaide,Hard,P,R32,Leylah Fernandez,7-5 6-3,71,35,15,68,31,12
Emma Navarro,20260112,Adelaide,Hard,P,R16,Yulia Putintseva,6-1 6-4,61,22,20,53,17,12
Emma Navarro,20260112,Adelaide,Hard,P,R32,Emerson Jones,6-3 6-3,56,24,10,63,25,6
Kimberly Birrell,20260112,Adelaide,Hard,P,QF,Jaqueline Cristian,5-7 6-1 7-5,109,52,12,113,36,21
Kimberly Birrell,20260112,Adelaide,Hard,P,R16,Marketa Vondrousova,W/O,,,,,,
Kimberly Birrell,20260112,Adelaide,Hard,P,R32,Anastasia Potapova,6-4 6-4,46,13,11,82,27,9
Madison Keys,20260112,Adelaide,Hard,P,R16,Tereza Valentova,6-4 6-1,76,27,16,43,16,4
Marie Bouzkova,20260112,Adelaide,Hard,P,R32,Paula Badosa,3-6 6-3 6-4,88,32,21,101,40,17
Mirra Andreeva,20260112,Adelaide,Hard,P,F,Victoria Mboko,6-3 6-1,41,24,6,55,19,5
Mirra Andreeva,20260112,Adelaide,Hard,P,QF,Maya Joint,6-2 6-0,47,21,8,51,11,7
Mirra Andreeva,20260112,Adelaide,Hard,P,R16,Marie Bouzkova,6-3 6-1,48,26,7,44,16,3
Mirra Andreeva,20260112,Adelaide,Hard,P,SF,Diana Shnaider,6-3 6-2,58,24,12,61,23,5
Victoria Mboko,20260112,Adelaide,Hard,P,QF,Madison Keys,6-4 4-6 6-2,85,33,16,95,36,15
Victoria Mboko,20260112,Adelaide,Hard,P,R16,Anna Kalinskaya,6-2 3-6 7-6(6),102,44,15,106,42,15
Victoria Mboko,20260112,Adelaide,Hard,P,R32,Beatriz Haddad Maia,5-7 6-3 6-2,78,41,10,87,31,15
Victoria Mboko,20260112,Adelaide,Hard,P,SF,Kimberly Birrell,6-2 6-1,40,24,6,46,14,6
Ann Li,20260112,Hobart,Hard,I,R16,Elisabetta Cocciaretto,1-6 7-5 7-5,97,37,19,96,40,12
Barbora Krejcikova,20260112,Hobart,Hard,I,R32,Peyton Stearns,6-4 1-6 7-6(4),94,42,13,105,50,11
Hailey Baptiste,20260112,Hobart,Hard,I,R32,Renata Zarazua,6-7(5) 6-3 6-3,105,40,19,106,58,10
Iva Jovic,20260112,Hobart,Hard,I,F,Elisabetta Cocciaretto,6-4 6-4,67,23,13,53,20,16
Janice Tjen,20260112,Hobart,Hard,I,R32,Iva Jovic,6-0 6-1,35,10,3,40,23,5
Magdalena Frech,20260112,Hobart,Hard,I,R16,Emma Raducanu,W/O,,,,,,
Peyton Stearns,20260112,Hobart,Hard,I,R16,Olga Danilovic,7-6(2) 6-1,76,27,10,92,37,16
Talia Gibson,20260112,Hobart,Hard,I,R32,Xin Yu Wang,6-2 6-3,46,19,5,60,26,14
Xin Yu Wang,20260112,Hobart,Hard,I,R16,Magda Linette,6-1 7-5,52,18,7,79,28,17
Ann Li,20260112,Hobart,Hard,I,R32,Katie Volynets,4-6 7-5 6-2,86,37,10,105,44,8
Iva Jovic,20260112,Hobart,Hard,I,QF,Magda Linette,6-3 6-7(5) 6-2,125,46,25,94,34,16
Iva Jovic,20260112,Hobart,Hard,I,R16,Renata Zarazua,6-1 6-2,47,24,11,44,15,6
Iva Jovic,20260112,Hobart,Hard,I,R32,Janice Tjen,6-0 6-1,40,23,5,35,10,3
Iva Jovic,20260112,Hobart,Hard,I,SF,Taylah Preston,4-6 6-4 6-1,79,32,13,99,38,10
Magdalena Frech,20260112,Hobart,Hard,I,R32,Elsa Jacquemot,6-4 6-0,47,27,8,44,16,5
Peyton Stearns,20260112,Hobart,Hard,I,R32,Barbora Krejcikova,6-4 1-6 7-6(4),105,50,11,94,42,13
Xin Yu Wang,20260112,Hobart,Hard,I,R32,Talia Gibson,6-2 6-3,60,26,14,46,19,5
Alexandra Eala,20260119,Australian Open,Hard,G,R128,Alycia Parks,0-6 6-3 6-2,70,28,13,94,41,11
Amanda Anisimova,20260119,Australian Open,Hard,G,QF,Jessica Pegula,6-2 7-6(1),71,25,11,62,26,16
Anastasia Potapova,20260119,Australian Open,Hard,G,R32,Aryna Sabalenka,7-6(4) 7-6(7),91,26,23,86,38,15
Anhelina Kalinina,20260119,Australian Open,Hard,G,R128,Xin Yu Wang,6-3 6-3,65,26,8,56,25,13
Ann Li,20260119,Australian Open,Hard,G,R64,Magda Linette,6-3 6-3,75,28,9,76,29,17
Anna Kalinskaya,20260119,Australian Open,Hard,G,R32,Iga Swiatek,6-1 1-6 6-1,68,23,12,68,27,14
Aryna Sabalenka,20260119,Australian Open,Hard,G,F,Elena Rybakina,6-4 4-6 6-4,86,40,16,98,41,21
Barbora Krejcikova,20260119,Australian Open,Hard,G,R128,Diana Shnaider,2-6 6-3 6-3,98,38,19,87,37,15
Belinda Bencic,20260119,Australian Open,Hard,G,R64,Nikola Bartunkova,6-3 0-6 6-4,74,31,8,77,24,15
Clara Tauson,20260119,Australian Open,Hard,G,R32,Victoria Mboko,7-6(5) 5-7 6-3,102,39,21,99,42,17
Coco Gauff,20260119,Australian Open,Hard,G,QF,Elina Svitolina,6-1 6-2,43,13,2,45,22,7
Cristina Bucsa,20260119,Australian Open,Hard,G,R128,Elina Svitolina,6-4 6-1,63,25,5,49,16,16
Diana Shnaider,20260119,Australian Open,Hard,G,R32,Elina Svitolina,7-6(4) 6-3,63,22,10,77,30,16
Donna Vekic,20260119,Australian Open,Hard,G,R128,Mirra Andreeva,4-6 6-3 6-0,79,25,16,71,37,13
Ekaterina Alexandrova,20260119,Australian Open,Hard,G,R128,Zeynep Sonmez,7-5 4-6 6-4,109,43,13,119,37,25
Elina Svitolina,20260119,Australian Open,Hard,G,SF,Aryna Sabalenka,6-2 6-3,57,18,11,54,25,12
Elise Mertens,20260119,Australian Open,Hard,G,R16,Elena Rybakina,6-1 6-3,60,19,11,49,23,12
Emma Navarro,20260119,Australian Open,Hard,G,R128,Magda Linette,3-6 6-3 6-3,89,35,19,78,34,16
Hailey Baptiste,20260119,Australian Open,Hard,G,R32,Coco Gauff,3-6 6-0 6-3,93,33,17,61,33,10
Iga Swiatek,20260119,Australian Open,Hard,G,QF,Elena Rybakina,7-5 6-1,55,18,10,59,23,17
Iva Jovic,20260119,Australian Open,Hard,G,QF,Aryna Sabalenka,6-3 6-0,56,18,9,56,30,8
Janice Tjen,20260119,Australian Open,Hard,G,R64,Karolina Pliskova,6-4 6-4,64,27,13,76,33,17
Jasmine Paolini,20260119,Australian Open,Hard,G,R32,Iva Jovic,6-2 7-6(3),71,23,10,59,20,14
Jelena Ostapenko,20260119,Australian Open,Hard,G,R64,Xin Yu Wang,4-6 6-4 6-4,93,35,9,108,46,12
Jessica Pegula,20260119,Australian Open,Hard,G,SF,Elena Rybakina,6-3 7-6(7),76,30,10,73,29,16
Karolina Muchova,20260119,Australian Open,Hard,G,R16,Coco Gauff,6-1 3-6 6-3,75,35,9,80,35,18
Kimberly Birrell,20260119,Australian Open,Hard,G,R128,Maddison Inglis,7-6(6) 6-7(9) 6-4,111,48,21,109,54,18
Leylah Fernandez,20260119,Australian Open,Hard,G,R128,Janice Tjen,6-2 7-6(1),65,20,15,74,28,18
Linda Noskova,20260119,Australian Open,Hard,G,R32,Xin Yu Wang,7-5 6-4,61,27,10,71,29,16
Liudmila Samsonova,20260119,Australian Open,Hard,G,R128,Laura Siegemund,0-6 7-5 6-4,83,36,11,89,39,9
Madison Keys,20260119,Australian Open,Hard,G,R16,Jessica Pegula,6-3 6-4,59,23,7,66,27,13
Magdalena Frech,20260119,Australian Open,Hard,G,R64,Jasmine Paolini,6-2 6-3,64,14,15,77,31,11
Maria Sakkari,20260119,Australian Open,Hard,G,R64,Mirra Andreeva,6-0 6-4,45,14,7,50,21,10
Marie Bouzkova,20260119,Australian Open,Hard,G,R64,Iga Swiatek,6-2 6-3,50,14,9,56,27,9
Marta Kostyuk,20260119,Australian Open,Hard,G,R128,Elsa Jacquemot,6-7(4) 7-6(4) 7-6(7),134,58,26,160,73,25
Mirra Andreeva,20260119,Australian Open,Hard,G,R16,Elina Svitolina,6-2 6-4,58,24,5,61,22,13
Naomi Osaka,20260119,Australian Open,Hard,G,R32,Maddison Inglis,W/O,,,,,,
Nikola Bartunkova,20260119,Australian Open,Hard,G,R32,Elise Mertens,6-0 6-4,56,21,4,49,27,6
Oleksandra Oliynykova,20260119,Australian Open,Hard,G,R128,Madison Keys,7-6(6) 6-1,80,29,8,61,28,9
Peyton Stearns,20260119,Australian Open,Hard,G,R32,Amanda Anisimova,6-1 6-4,46,15,6,61,28,9
Sara Bejlek,20260119,Australian Open,Hard,G,R128,Ashlyn Krueger,6-3 6-3,55,14,13,61,28,8
Sorana Cirstea,20260119,Australian Open,Hard,G,R64,Naomi Osaka,6-3 4-6 6-2,73,26,16,83,37,16
Talia Gibson,20260119,Australian Open,Hard,G,R64,Diana Shnaider,3-6 7-5 6-3,99,33,20,96,39,17
Victoria Mboko,20260119,Australian Open,Hard,G,R16,Aryna Sabalenka,6-1 7-6(1),53,18,7,78,34,13
Xin Yu Wang,20260119,Australian Open,Hard,G,R16,Amanda Anisimova,7-6(4) 6-4,85,42,12,58,33,12
Yuliia Starodubtseva,20260119,Australian Open,Hard,G,R128,Ajla Tomljanovic,4-6 7-6(3) 6-1,95,34,18,88,43,11
Amanda Anisimova,20260119,Australian Open,Hard,G,R128,Simona Waltert,6-3 6-2,45,24,9,45,15,9
Amanda Anisimova,20260119,Australian Open,Hard,G,R16,Xin Yu Wang,7-6(4) 6-4,58,33,12,85,42,12
Amanda Anisimova,20260119,Australian Open,Hard,G,R32,Peyton Stearns,6-1 6-4,61,28,9,46,15,6
Amanda Anisimova,20260119,Australian Open,Hard,G,R64,Katerina Siniakova,6-1 6-4,86,37,15,68,24,9
Anastasia Potapova,20260119,Australian Open,Hard,G,R128,Suzan Lamens,3-6 7-5 6-2,92,36,14,98,32,14
Anastasia Potapova,20260119,Australian Open,Hard,G,R64,Emma Raducanu,7-6(3) 6-2,68,23,14,60,19,8
Ann Li,20260119,Australian Open,Hard,G,R128,Camila Osorio,6-4 6-7(5) 7-5,116,49,28,111,51,22
Anna Kalinskaya,20260119,Australian Open,Hard,G,R128,Sonay Kartal,7-6(3) 6-1,68,35,11,68,24,14
Anna Kalinskaya,20260119,Australian Open,Hard,G,R64,Julia Grabher,6-3 6-3,51,21,10,64,24,4
Aryna Sabalenka,20260119,Australian Open,Hard,G,QF,Iva Jovic,6-3 6-0,56,30,8,56,18,9
Aryna Sabalenka,20260119,Australian Open,Hard,G,R128,Tiantsoa Sarah Rakotomanga Rajaonah,6-4 6-1,47,23,12,61,21,9
Aryna Sabalenka,20260119,Australian Open,Hard,G,R16,Victoria Mboko,6-1 7-6(1),78,34,13,53,18,7
Aryna Sabalenka,20260119,Australian Open,Hard,G,R32,Anastasia Potapova,7-6(4) 7-6(7),86,38,15,91,26,23
Aryna Sabalenka,20260119,Australian Open,Hard,G,R64,Zhuoxuan Bai,6-3 6-1,54,25,9,58,20,4
Aryna Sabalenka,20260119,Australian Open,Hard,G,SF,Elina Svitolina,6-2 6-3,54,25,12,57,18,11
Belinda Bencic,20260119,Australian Open,Hard,G,R128,Katie Boulter,6-0 7-5,51,25,11,52,17,8
Clara Tauson,20260119,Australian Open,Hard,G,R128,Dalma Galfi,6-3 6-3,50,23,15,50,28,4
Clara Tauson,20260119,Australian Open,Hard,G,R64,Polina Kudermetova,6-3 3-6 7-5,80,33,14,90,36,10
Coco Gauff,20260119,Australian Open,Hard,G,R128,Kamilla Rakhimova,6-2 6-3,64,29,8,65,22,6
Coco Gauff,20260119,Australian Open,Hard,G,R16,Karolina Muchova,6-1 3-6 6-3,80,35,18,75,35,9
Coco Gauff,20260119,Australian Open,Hard,G,R32,Hailey Baptiste,3-6 6-0 6-3,61,33,10,93,33,17
Coco Gauff,20260119,Australian Open,Hard,G,R64,Olga Danilovic,6-2 6-2,46,26,5,68,22,10
Diana Shnaider,20260119,Australian Open,Hard,G,R128,Barbora Krejcikova,2-6 6-3 6-3,87,37,15,98,38,19
Diana Shnaider,20260119,Australian Open,Hard,G,R64,Talia Gibson,3-6 7-5 6-3,96,39,17,99,33,20
Elena Rybakina,20260119,Australian Open,Hard,G,F,Aryna Sabalenka,6-4 4-6 6-4,98,41,21,86,40,16
Elena Rybakina,20260119,Australian Open,Hard,G,QF,Iga Swiatek,7-5 6-1,59,23,17,55,18,10
Elena Rybakina,20260119,Australian Open,Hard,G,R128,Kaja Juvan,6-4 6-3,56,29,13,56,26,8
Elena Rybakina,20260119,Australian Open,Hard,G,R16,Elise Mertens,6-1 6-3,49,23,12,60,19,11
Elena Rybakina,20260119,Australian Open,Hard,G,R32,Tereza Valentova,6-2 6-3,61,24,14,58,19,9
Elena Rybakina,20260119,Australian Open,Hard,G,R64,Varvara Gracheva,7-5 6-2,58,26,14,56,20,9
Elena Rybakina,20260119,Australian Open,Hard,G,SF,Jessica Pegula,6-3 7-6(7),73,29,16,76,30,10
Elina Svitolina,20260119,Australian Open,Hard,G,QF,Coco Gauff,6-1 6-2,45,22,7,43,13,2
Elina Svitolina,20260119,Australian Open,Hard,G,R128,Cristina Bucsa,6-4 6-1,49,16,16,63,25,5
Elina Svitolina,20260119,Australian Open,Hard,G,R16,Mirra Andreeva,6-2 6-4,61,22,13,58,24,5
Elina Svitolina,20260119,Australian Open,Hard,G,R32,Diana Shnaider,7-6(4) 6-3,77,30,16,63,22,10
Elina Svitolina,20260119,Australian Open,Hard,G,R64,Linda Klimovicova,7-5 6-1,61,30,11,55,17,11
Elise Mertens,20260119,Australian Open,Hard,G,R128,Lanlana Tararudee,7-5 6-1,52,25,11,64,20,10
Elise Mertens,20260119,Australian Open,Hard,G,R32,Nikola Bartunkova,6-0 6-4,49,27,6,56,21,4
Elise Mertens,20260119,Australian Open,Hard,G,R64,Moyuka Uchijima,6-3 6-1,45,17,9,54,12,9
Hailey Baptiste,20260119,Australian Open,Hard,G,R128,Taylor Townsend,6-3 6-7(3) 6-3,124,55,25,102,53,10
Hailey Baptiste,20260119,Australian Open,Hard,G,R64,Storm Hunter,6-2 6-1,44,21,9,53,17,6
Iga Swiatek,20260119,Australian Open,Hard,G,R128,Yue Yuan,7-6(5) 6-3,72,31,12,82,29,13
Iga Swiatek,20260119,Australian Open,Hard,G,R16,Maddison Inglis,6-0 6-3,43,20,12,49,14,7
Iga Swiatek,20260119,Australian Open,Hard,G,R32,Anna Kalinskaya,6-1 1-6 6-1,68,27,14,68,23,12
Iga Swiatek,20260119,Australian Open,Hard,G,R64,Marie Bouzkova,6-2 6-3,56,27,9,50,14,9
Iva Jovic,20260119,Australian Open,Hard,G,R128,Katie Volynets,6-2 6-3,46,18,15,62,21,9
Iva Jovic,20260119,Australian Open,Hard,G,R16,Yulia Putintseva,6-0 6-1,38,18,8,36,6,5
Iva Jovic,20260119,Australian Open,Hard,G,R32,Jasmine Paolini,6-2 7-6(3),59,20,14,71,23,10
Iva Jovic,20260119,Australian Open,Hard,G,R64,Priscilla Hon,6-1 6-2,41,22,8,52,13,9
Janice Tjen,20260119,Australian Open,Hard,G,R128,Leylah Fernandez,6-2 7-6(1),74,28,18,65,20,15
Jasmine Paolini,20260119,Australian Open,Hard,G,R128,Aliaksandra Sasnovich,6-1 6-2,42,25,8,52,13,11
Jasmine Paolini,20260119,Australian Open,Hard,G,R64,Magdalena Frech,6-2 6-3,77,31,11,64,14,15
Jelena Ostapenko,20260119,Australian Open,Hard,G,R128,Rebecca Sramkova,6-4 6-4,60,26,12,62,25,9
Jessica Pegula,20260119,Australian Open,Hard,G,QF,Amanda Anisimova,6-2 7-6(1),62,26,16,71,25,11
Jessica Pegula,20260119,Australian Open,Hard,G,R128,Anastasia Zakharova,6-2 6-1,37,18,9,62,16,9
Jessica Pegula,20260119,Australian Open,Hard,G,R16,Madison Keys,6-3 6-4,66,27,13,59,23,7
Jessica Pegula,20260119,Australian Open,Hard,G,R32,Oksana Selekhmeteva,6-3 6-2,43,22,11,61,27,5
Jessica Pegula,20260119,Australian Open,Hard,G,R64,Mccartney Kessler,6-0 6-2,40,22,6,39,12,2
Karolina Muchova,20260119,Australian Open,Hard,G,R128,Jaqueline Cristian,6-3 7-6(6),71,26,19,81,28,15
Karolina Muchova,20260119,Australian Open,Hard,G,R32,Magda Linette,6-1 6-1,38,19,10,49,12,9
Karolina Muchova,20260119,Australian Open,Hard,G,R64,Alycia Parks,4-6 6-4 6-4,108,42,24,103,43,18
Linda Noskova,20260119,Australian Open,Hard,G,R128,Darja Semenistaja,6-3 6-0,43,21,7,50,16,4
Linda Noskova,20260119,Australian Open,Hard,G,R64,Taylah Preston,6-2 4-6 6-2,89,30,22,80,26,15
Madison Keys,20260119,Australian Open,Hard,G,R128,Oleksandra Oliynykova,7-6(6) 6-1,61,28,9,80,29,8
Madison Keys,20260119,Australian Open,Hard,G,R32,Karolina Pliskova,6-3 6-3,54,28,8,70,27,10
Madison Keys,20260119,Australian Open,Hard,G,R64,Ashlyn Krueger,6-1 7-5,53,23,10,58,20,8
Magdalena Frech,20260119,Australian Open,Hard,G,R128,Veronika Erjavec,6-1 6-1,49,24,8,46,14,5
Maria Sakkari,20260119,Australian Open,Hard,G,R128,Leolia Jeanjean,6-4 6-2,45,26,8,50,15,9
Marie Bouzkova,20260119,Australian Open,Hard,G,R128,Renata Zarazua,6-2 7-5,72,34,9,71,24,9
Mirra Andreeva,20260119,Australian Open,Hard,G,R128,Donna Vekic,4-6 6-3 6-0,71,37,13,79,25,16
Mirra Andreeva,20260119,Australian Open,Hard,G,R32,Elena Gabriela Ruse,6-3 6-4,64,27,14,62,24,8
Mirra Andreeva,20260119,Australian Open,Hard,G,R64,Maria Sakkari,6-0 6-4,50,21,10,45,14,7
Naomi Osaka,20260119,Australian Open,Hard,G,R128,Antonia Ruzic,6-3 3-6 6-4,91,45,10,103,41,15
Naomi Osaka,20260119,Australian Open,Hard,G,R64,Sorana Cirstea,6-3 4-6 6-2,83,37,16,73,26,16
Nikola Bartunkova,20260119,Australian Open,Hard,G,R128,Daria Kasatkina,7-6(7) 0-6 6-3,86,27,16,76,29,10
Nikola Bartunkova,20260119,Australian Open,Hard,G,R64,Belinda Bencic,6-3 0-6 6-4,77,24,15,74,31,8
Peyton Stearns,20260119,Australian Open,Hard,G,R128,Sofia Kenin,6-3 6-2,53,24,15,55,22,9
Peyton Stearns,20260119,Australian Open,Hard,G,R64,Petra Marcinko,6-2 7-5,68,31,15,51,20,10
Sorana Cirstea,20260119,Australian Open,Hard,G,R128,Eva Lys,3-6 6-4 6-3,101,38,20,89,37,14
Talia Gibson,20260119,Australian Open,Hard,G,R128,Anna Blinkova,6-1 6-3,51,21,13,61,22,7
Victoria Mboko,20260119,Australian Open,Hard,G,R128,Emerson Jones,6-4 6-1,47,23,10,70,27,9
Victoria Mboko,20260119,Australian Open,Hard,G,R32,Clara Tauson,7-6(5) 5-7 6-3,99,42,17,102,39,21
Victoria Mboko,20260119,Australian Open,Hard,G,R64,Caty Mcnally,6-4 6-3,59,21,14,66,26,6
Xin Yu Wang,20260119,Australian Open,Hard,G,R128,Anhelina Kalinina,6-3 6-3,56,25,13,65,26,8
Xin Yu Wang,20260119,Australian Open,Hard,G,R32,Linda Noskova,7-5 6-4,71,29,16,61,27,10
Xin Yu Wang,20260119,Australian Open,Hard,G,R64,Jelena Ostapenko,4-6 6-4 6-4,108,46,12,93,35,9
Alexandra Eala,20260201,Abu Dhabi,Hard,P,QF,Ekaterina Alexandrova,6-3 6-3,63,20,10,70,28,13
Clara Tauson,20260201,Abu Dhabi,Hard,P,SF,Sara Bejlek,7-5 3-6 7-5,108,43,16,110,48,18
Cristina Bucsa,20260201,Abu Dhabi,Hard,P,R32,Sonay Kartal,6-3 7-6(8),65,27,8,66,29,13
Ekaterina Alexandrova,20260201,Abu Dhabi,Hard,P,F,Sara Bejlek,7-6(5) 6-1,74,24,14,58,29,9
Emma Navarro,20260201,Abu Dhabi,Hard,P,R16,Hailey Baptiste,7-6(6) 0-6 6-3,81,36,16,92,36,16
Hailey Baptiste,20260201,Abu Dhabi,Hard,P,SF,Ekaterina Alexandrova,3-6 7-6(5) 6-3,110,49,18,112,49,21
Janice Tjen,20260201,Abu Dhabi,Hard,P,R16,Liudmila Samsonova,6-2 6-2,48,17,7,45,20,15
Jelena Ostapenko,20260201,Abu Dhabi,Hard,P,R16,Sara Bejlek,6-4 6-3,56,19,9,63,28,13
Leylah Fernandez,20260201,Abu Dhabi,Hard,P,R16,Mccartney Kessler,6-3 6-2,62,19,12,52,28,7
Liudmila Samsonova,20260201,Abu Dhabi,Hard,P,QF,Hailey Baptiste,6-2 4-6 6-4,83,24,17,88,24,28
Alexandra Eala,20260201,Abu Dhabi,Hard,P,R16,Aliaksandra Sasnovich,2-6 6-4 7-6(5),113,44,16,119,46,22
Alexandra Eala,20260201,Abu Dhabi,Hard,P,R32,Zeynep Sonmez,6-4 6-3,64,27,9,63,20,8
Clara Tauson,20260201,Abu Dhabi,Hard,P,QF,Mccartney Kessler,6-3 6-4,73,30,15,53,12,17
Clara Tauson,20260201,Abu Dhabi,Hard,P,R16,Simona Waltert,6-3 6-1,50,28,4,44,14,2
Ekaterina Alexandrova,20260201,Abu Dhabi,Hard,P,QF,Alexandra Eala,6-3 6-3,70,28,13,63,20,10
Ekaterina Alexandrova,20260201,Abu Dhabi,Hard,P,R16,Dayana Yastremska,6-3 6-0,48,18,12,59,15,9
Ekaterina Alexandrova,20260201,Abu Dhabi,Hard,P,SF,Hailey Baptiste,3-6 7-6(5) 6-3,112,49,21,110,49,18
Hailey Baptiste,20260201,Abu Dhabi,Hard,P,QF,Liudmila Samsonova,6-2 4-6 6-4,88,24,28,83,24,17
Hailey Baptiste,20260201,Abu Dhabi,Hard,P,R16,Emma Navarro,7-6(6) 0-6 6-3,92,36,16,81,36,16
Hailey Baptiste,20260201,Abu Dhabi,Hard,P,R32,Teodora Kostovic,4-6 6-3 6-4,88,40,13,107,44,16
Janice Tjen,20260201,Abu Dhabi,Hard,P,R32,Maya Joint,7-6(6) 3-6 6-3,104,40,21,105,50,14
Jelena Ostapenko,20260201,Abu Dhabi,Hard,P,R32,Oksana Selekhmeteva,5-7 7-6(4) 6-2,109,42,18,112,47,12
Leylah Fernandez,20260201,Abu Dhabi,Hard,P,R32,Chloe Paquet,6-0 6-3,40,17,15,40,14,4
Liudmila Samsonova,20260201,Abu Dhabi,Hard,P,R16,Janice Tjen,6-2 6-2,45,20,15,48,17,7
Liudmila Samsonova,20260201,Abu Dhabi,Hard,P,R32,Sofia Kenin,6-4 6-0,52,20,12,53,15,6
Sara Bejlek,20260201,Abu Dhabi,Hard,P,F,Ekaterina Alexandrova,7-6(5) 6-1,58,29,9,74,24,14
Sara Bejlek,20260201,Abu Dhabi,Hard,P,QF,Sonay Kartal,6-0 6-2,43,17,10,42,12,3
Sara Bejlek,20260201,Abu Dhabi,Hard,P,R16,Jelena Ostapenko,6-4 6-3,63,28,13,56,19,9
Sara Bejlek,20260201,Abu Dhabi,Hard,P,R32,Ashlyn Krueger,6-3 6-0,51,20,15,43,13,5
Sara Bejlek,20260201,Abu Dhabi,Hard,P,SF,Clara Tauson,7-5 3-6 7-5,110,48,18,108,43,16
Anastasia Potapova,20260201,Cluj-Napoca,Hard,I,QF,Sorana Cirstea,7-5 6-4,109,39,19,71,27,20
Daria Snigur,20260201,Cluj-Napoca,Hard,I,SF,Sorana Cirstea,6-0 6-3,44,14,6,46,21,13
Maja Chwalinska,20260201,Cluj-Napoca,Hard,I,QF,Emma Raducanu,6-0 6-4,44,17,3,39,18,12
Oleksandra Oliynykova,20260201,Cluj-Napoca,Hard,I,SF,Emma Raducanu,7-5 3-6 6-3,101,45,8,99,50,8
Xin Yu Wang,20260201,Cluj-Napoca,Hard,I,QF,Oleksandra Oliynykova,6-4 6-4,67,23,13,94,43,12
Anastasia Potapova,20260201,Cluj-Napoca,Hard,I,R16,Anastasia Zakharova,1-6 6-4 6-3,98,37,17,68,23,20
Anastasia Potapova,20260201,Cluj-Napoca,Hard,I,R32,Lucia Bronzetti,5-7 6-4 7-5,131,49,25,95,30,27
Daria Snigur,20260201,Cluj-Napoca,Hard,I,QF,Yue Yuan,4-6 6-0 7-5,105,47,11,93,33,13
Daria Snigur,20260201,Cluj-Napoca,Hard,I,R16,Jaqueline Cristian,6-1 6-0,37,20,4,42,7,5
Daria Snigur,20260201,Cluj-Napoca,Hard,I,R32,Tiantsoa Sarah Rakotomanga Rajaonah,6-3 6-3,51,33,2,54,20,7
Maja Chwalinska,20260201,Cluj-Napoca,Hard,I,R16,Olga Danilovic,6-1 1-6 6-2,72,26,14,67,23,10
Maja Chwalinska,20260201,Cluj-Napoca,Hard,I,R32,Ana Bogdan,6-3 6-2,53,27,9,42,17,3
Oleksandra Oliynykova,20260201,Cluj-Napoca,Hard,I,QF,Xin Yu Wang,6-4 6-4,94,43,12,67,23,13
Oleksandra Oliynykova,20260201,Cluj-Napoca,Hard,I,R16,Anna Bondar,6-4 6-4,59,28,13,57,30,5
Oleksandra Oliynykova,20260201,Cluj-Napoca,Hard,I,R32,Mayar Sherif,6-7(6) 6-4 6-4,97,57,8,119,58,11
Sorana Cirstea,20260201,Cluj-Napoca,Hard,I,F,Emma Raducanu,6-0 6-2,37,16,10,52,18,2
Sorana Cirstea,20260201,Cluj-Napoca,Hard,I,QF,Anastasia Potapova,7-5 6-4,71,27,20,109,39,19
Sorana Cirstea,20260201,Cluj-Napoca,Hard,I,R16,Tamara Zidansek,6-1 6-0,37,16,12,34,7,4
Sorana Cirstea,20260201,Cluj-Napoca,Hard,I,R32,Kamilla Rakhimova,6-4 6-4,69,33,9,67,22,11
Sorana Cirstea,20260201,Cluj-Napoca,Hard,I,SF,Daria Snigur,6-0 6-3,46,21,13,44,14,6
Xin Yu Wang,20260201,Cluj-Napoca,Hard,I,R16,Rebeka Masarova,6-4 6-2,54,28,10,57,20,9
Xin Yu Wang,20260201,Cluj-Napoca,Hard,I,R32,Kaitlin Quevedo,6-3 6-0,40,24,6,54,15,10
Diane Parry,20260201,Ostrava,Hard,I,SF,Tamara Korpatsch,6-4 6-4,58,19,10,71,21,20
Nikola Bartunkova,20260201,Ostrava,Hard,I,QF,Diane Parry,6-1 6-3,45,15,9,44,23,10
Diane Parry,20260201,Ostrava,Hard,I,QF,Nikola Bartunkova,6-1 6-3,44,23,10,45,15,9
Diane Parry,20260201,Ostrava,Hard,I,R16,Panna Udvardy,6-1 6-2,44,19,12,52,16,9
Diane Parry,20260201,Ostrava,Hard,I,R32,Oceane Dodin,6-1 6-4,53,24,15,45,18,7
Nikola Bartunkova,20260201,Ostrava,Hard,I,R16,Fiona Ferro,6-4 3-6 6-1,95,41,14,80,31,10
Nikola Bartunkova,20260201,Ostrava,Hard,I,R32,Anna Blinkova,6-4 6-4,65,26,17,68,29,10
Alexandra Eala,20260208,Doha,Hard,PM,R64,Tereza Valentova,7-6(6) 6-1,59,21,9,65,33,8
Amanda Anisimova,20260208,Doha,Hard,PM,R32,Karolina Pliskova,5-7 7-6(3) 4-1 RET,89,38,15,114,51,17
Ann Li,20260208,Doha,Hard,PM,R16,Elisabetta Cocciaretto,7-6(5) 5-7 6-4,106,45,19,117,49,22
Anna Kalinskaya,20260208,Doha,Hard,PM,QF,Karolina Muchova,6-3 6-4,59,20,12,55,26,12
Clara Tauson,20260208,Doha,Hard,PM,R64,Katerina Siniakova,6-4 6-1,47,15,3,57,25,8
Coco Gauff,20260208,Doha,Hard,PM,R32,Elisabetta Cocciaretto,6-4 6-2,59,26,5,72,31,14
Cristina Bucsa,20260208,Doha,Hard,PM,R64,Dayana Yastremska,6-4 4-6 7-6(5),107,36,14,101,25,26
Diana Shnaider,20260208,Doha,Hard,PM,R64,Alycia Parks,1-6 6-4 7-6(5),117,58,17,109,45,21
Ekaterina Alexandrova,20260208,Doha,Hard,PM,R32,Jelena Ostapenko,6-4 6-2,52,21,7,70,31,12
Elena Rybakina,20260208,Doha,Hard,PM,QF,Victoria Mboko,7-5 4-6 6-4,106,43,17,108,50,13
Elina Svitolina,20260208,Doha,Hard,PM,R16,Anna Kalinskaya,6-4 6-3,60,25,8,53,25,9
Elise Mertens,20260208,Doha,Hard,PM,R32,Daria Kasatkina,6-4 6-0,62,16,11,64,28,9
Emma Navarro,20260208,Doha,Hard,PM,R32,Anna Kalinskaya,7-5 2-6 6-2,87,35,16,84,39,13
Iga Swiatek,20260208,Doha,Hard,PM,QF,Maria Sakkari,2-6 6-4 7-5,83,35,14,102,50,8
Janice Tjen,20260208,Doha,Hard,PM,R32,Iga Swiatek,6-0 6-3,47,12,8,40,17,13
Jasmine Paolini,20260208,Doha,Hard,PM,R32,Maria Sakkari,6-4 6-2,53,15,13,57,27,12
Jelena Ostapenko,20260208,Doha,Hard,PM,SF,Victoria Mboko,6-3 6-2,55,18,7,56,24,9
Leylah Fernandez,20260208,Doha,Hard,PM,R64,Ann Li,6-4 6-3,65,27,11,58,23,17
Linda Noskova,20260208,Doha,Hard,PM,R32,Varvara Gracheva,6-2 2-6 7-5,92,41,12,85,40,12
Liudmila Samsonova,20260208,Doha,Hard,PM,R64,Magdalena Frech,6-3 4-6 7-6(7),96,33,26,111,48,20
Magdalena Frech,20260208,Doha,Hard,PM,R32,Ann Li,6-3 6-4,55,18,8,64,26,9
Maria Sakkari,20260208,Doha,Hard,PM,SF,Karolina Muchova,3-6 6-4 6-1,90,31,17,72,30,13
Marie Bouzkova,20260208,Doha,Hard,PM,R64,Victoria Mboko,7-5 6-2,69,27,6,66,29,9
Mirra Andreeva,20260208,Doha,Hard,PM,R16,Victoria Mboko,6-3 3-6 7-6(5),104,43,15,86,41,9
Peyton Stearns,20260208,Doha,Hard,PM,R64,Vera Zvonareva,2-6 6-2 6-3,100,40,16,76,37,12
Victoria Mboko,20260208,Doha,Hard,PM,F,Karolina Muchova,6-4 7-5,75,28,16,59,31,11
Xin Yu Wang,20260208,Doha,Hard,PM,R32,Elena Rybakina,6-2 6-4,74,30,9,54,27,10
Ann Li,20260208,Doha,Hard,PM,R32,Magdalena Frech,6-3 6-4,64,26,9,55,18,8
Ann Li,20260208,Doha,Hard,PM,R64,Leylah Fernandez,6-4 6-3,58,23,17,65,27,11
Anna Kalinskaya,20260208,Doha,Hard,PM,R16,Elina Svitolina,6-4 6-3,53,25,9,60,25,8
Anna Kalinskaya,20260208,Doha,Hard,PM,R32,Emma Navarro,7-5 2-6 6-2,84,39,13,87,35,16
Anna Kalinskaya,20260208,Doha,Hard,PM,R64,Jessica Bouzas Maneiro,6-2 6-1,49,17,16,49,16,6
Elena Rybakina,20260208,Doha,Hard,PM,R16,Qinwen Zheng,4-6 6-2 7-5,104,50,16,96,40,19
Elena Rybakina,20260208,Doha,Hard,PM,R32,Xin Yu Wang,6-2 6-4,54,27,10,74,30,9
Elina Svitolina,20260208,Doha,Hard,PM,R32,Dayana Yastremska,6-1 6-4,44,19,10,61,19,7
Elise Mertens,20260208,Doha,Hard,PM,R64,Anastasia Pavlyuchenkova,6-2 6-1,42,27,4,56,17,9
Emma Navarro,20260208,Doha,Hard,PM,R64,Tatjana Maria,7-5 6-1,68,26,18,56,23,8
Iga Swiatek,20260208,Doha,Hard,PM,R16,Daria Kasatkina,5-7 6-1 6-1,92,38,15,90,34,7
Iga Swiatek,20260208,Doha,Hard,PM,R32,Janice Tjen,6-0 6-3,40,17,13,47,12,8
Janice Tjen,20260208,Doha,Hard,PM,R64,Beatriz Haddad Maia,6-0 6-1,46,20,11,42,15,2
Jelena Ostapenko,20260208,Doha,Hard,PM,QF,Elisabetta Cocciaretto,7-5 6-4,72,27,14,63,24,6
Jelena Ostapenko,20260208,Doha,Hard,PM,R16,Camila Osorio,6-3 6-1,46,19,10,49,15,6
Jelena Ostapenko,20260208,Doha,Hard,PM,R32,Ekaterina Alexandrova,6-4 6-2,70,31,12,52,21,7
Jelena Ostapenko,20260208,Doha,Hard,PM,R64,Anastasia Zakharova,6-7(6) 6-3 6-4,94,42,15,101,37,16
Karolina Muchova,20260208,Doha,Hard,PM,F,Victoria Mboko,6-4 7-5,59,31,11,75,28,16
Karolina Muchova,20260208,Doha,Hard,PM,QF,Anna Kalinskaya,6-3 6-4,55,26,12,59,20,12
Karolina Muchova,20260208,Doha,Hard,PM,R16,Karolina Pliskova,5-2 RET,19,10,4,26,9,3
Karolina Muchova,20260208,Doha,Hard,PM,R32,Tereza Valentova,6-1 6-4,40,18,12,64,26,6
Karolina Muchova,20260208,Doha,Hard,PM,R64,Jaqueline Cristian,6-2 6-3,61,30,9,55,22,6
Karolina Muchova,20260208,Doha,Hard,PM,SF,Maria Sakkari,3-6 6-4 6-1,72,30,13,90,31,17
Linda Noskova,20260208,Doha,Hard,PM,R64,Maya Joint,6-4 6-0,56,20,16,42,12,9
Magdalena Frech,20260208,Doha,Hard,PM,R64,Liudmila Samsonova,6-3 4-6 7-6(7),111,48,20,96,33,26
Maria Sakkari,20260208,Doha,Hard,PM,QF,Iga Swiatek,2-6 6-4 7-5,102,50,8,83,35,14
Maria Sakkari,20260208,Doha,Hard,PM,R16,Varvara Gracheva,7-6(3) 6-0,70,33,9,53,17,7
Maria Sakkari,20260208,Doha,Hard,PM,R32,Jasmine Paolini,6-4 6-2,57,27,12,53,15,13
Maria Sakkari,20260208,Doha,Hard,PM,R64,Zeynep Sonmez,6-1 6-3,55,24,11,57,18,7
Mirra Andreeva,20260208,Doha,Hard,PM,R32,Magda Linette,7-6(0) 6-1,73,43,5,64,21,11
Victoria Mboko,20260208,Doha,Hard,PM,QF,Elena Rybakina,7-5 4-6 6-4,108,50,13,106,43,17
Victoria Mboko,20260208,Doha,Hard,PM,R16,Mirra Andreeva,6-3 3-6 7-6(5),86,41,9,104,43,15
Victoria Mboko,20260208,Doha,Hard,PM,R32,Vera Zvonareva,6-4 6-4,64,30,10,76,31,8
Victoria Mboko,20260208,Doha,Hard,PM,R64,Marie Bouzkova,7-5 6-2,66,29,9,69,27,6
Victoria Mboko,20260208,Doha,Hard,PM,SF,Jelena Ostapenko,6-3 6-2,56,24,9,55,18,7
Xin Yu Wang,20260208,Doha,Hard,PM,R64,Emiliana Arango,6-1 7-5,62,26,9,62,18,7
Alexandra Eala,20260215,Dubai,Hard,PM,QF,Coco Gauff,6-0 6-2,40,7,7,48,20,9
Amanda Anisimova,20260215,Dubai,Hard,PM,SF,Jessica Pegula,1-6 6-4 6-3,95,41,12,89,37,14
Ann Li,20260215,Dubai,Hard,PM,R64,Linda Noskova,6-3 5-7 6-4,101,44,17,99,36,27
Anna Kalinskaya,20260215,Dubai,Hard,PM,R32,Coco Gauff,6-4 6-4,58,19,7,70,28,13
Barbora Krejcikova,20260215,Dubai,Hard,PM,R32,Amanda Anisimova,W/O,,,,,,
Belinda Bencic,20260215,Dubai,Hard,PM,R16,Elina Svitolina,4-6 6-1 6-3,88,30,14,83,35,13
Clara Tauson,20260215,Dubai,Hard,PM,QF,Jessica Pegula,6-3 2-6 6-4,73,37,13,103,40,24
Coco Gauff,20260215,Dubai,Hard,PM,SF,Elina Svitolina,6-4 6-7(13) 6-4,116,46,19,130,49,28
Cristina Bucsa,20260215,Dubai,Hard,PM,R64,Ella Seidel,6-1 6-4,47,15,7,56,23,10
Diana Shnaider,20260215,Dubai,Hard,PM,R32,Iva Jovic,6-4 1-6 6-0,92,36,10,57,20,14
Ekaterina Alexandrova,20260215,Dubai,Hard,PM,R32,Magda Linette,6-2 4-6 6-1,71,25,11,76,31,16
Elena Rybakina,20260215,Dubai,Hard,PM,R16,Antonia Ruzic,5-7 6-4 1-0 RET,72,28,15,61,28,11
Elina Svitolina,20260215,Dubai,Hard,PM,F,Jessica Pegula,6-2 6-4,66,25,9,48,26,9
Elise Mertens,20260215,Dubai,Hard,PM,R16,Coco Gauff,2-6 7-6(9) 6-3,104,39,16,93,30,17
Emma Navarro,20260215,Dubai,Hard,PM,R32,Elise Mertens,6-2 6-2,53,15,11,46,17,18
Hailey Baptiste,20260215,Dubai,Hard,PM,R64,Alexandra Eala,6-4 0-1 RET,50,17,11,30,15,4
Iva Jovic,20260215,Dubai,Hard,PM,R16,Jessica Pegula,6-4 6-2,59,20,15,48,29,8
Janice Tjen,20260215,Dubai,Hard,PM,R16,Amanda Anisimova,6-1 6-3,46,12,8,52,24,8
Jasmine Paolini,20260215,Dubai,Hard,PM,R32,Alexandra Eala,6-1 7-6(5),64,23,11,65,30,12
Jelena Ostapenko,20260215,Dubai,Hard,PM,R64,Anna Kalinskaya,2-6 6-1 6-4,95,29,24,96,36,19
Kimberly Birrell,20260215,Dubai,Hard,PM,R32,Elena Rybakina,6-1 6-2,43,15,6,46,20,15
Leylah Fernandez,20260215,Dubai,Hard,PM,R32,Janice Tjen,7-6(5) 6-4,74,32,11,67,29,15
Linda Noskova,20260215,Dubai,Hard,PM,R32,Sorana Cirstea,6-1 6-4,59,24,8,49,25,12
Liudmila Samsonova,20260215,Dubai,Hard,PM,R64,Leylah Fernandez,5-7 7-5 6-3,97,42,19,120,50,25
Magdalena Frech,20260215,Dubai,Hard,PM,R64,Peyton Stearns,6-4 6-2,53,23,6,64,28,17
Marie Bouzkova,20260215,Dubai,Hard,PM,R64,Elise Mertens,6-2 6-2,49,16,9,51,24,12
Mirra Andreeva,20260215,Dubai,Hard,PM,QF,Amanda Anisimova,2-6 7-5 7-6(4),118,43,17,113,37,20
Peyton Stearns,20260215,Dubai,Hard,PM,R32,Clara Tauson,6-2 6-4,62,17,12,49,21,11
Sara Bejlek,20260215,Dubai,Hard,PM,R32,Belinda Bencic,W/O,,,,,,
Sorana Cirstea,20260215,Dubai,Hard,PM,R16,Alexandra Eala,7-5 6-4,71,25,15,70,32,14
Alexandra Eala,20260215,Dubai,Hard,PM,R16,Sorana Cirstea,7-5 6-4,70,32,14,71,25,15
Alexandra Eala,20260215,Dubai,Hard,PM,R32,Jasmine Paolini,6-1 7-6(5),65,30,12,64,23,11
Alexandra Eala,20260215,Dubai,Hard,PM,R64,Hailey Baptiste,6-4 0-1 RET,30,15,4,50,17,11
Amanda Anisimova,20260215,Dubai,Hard,PM,QF,Mirra Andreeva,2-6 7-5 7-6(4),113,37,20,118,43,17
Amanda Anisimova,20260215,Dubai,Hard,PM,R16,Janice Tjen,6-1 6-3,52,24,8,46,12,8
Amanda Anisimova,20260215,Dubai,Hard,PM,R32,Barbora Krejcikova,W/O,,,,,,
Anna Kalinskaya,20260215,Dubai,Hard,PM,R64,Jelena Ostapenko,2-6 6-1 6-4,96,36,19,95,29,24
Barbora Krejcikova,20260215,Dubai,Hard,PM,R64,Anastasia Pavlyuchenkova,6-4 6-4,62,37,8,69,25,15
Belinda Bencic,20260215,Dubai,Hard,PM,R32,Sara Bejlek,W/O,,,,,,
Belinda Bencic,20260215,Dubai,Hard,PM,R64,Jessica Bouzas Maneiro,2-6 6-1 6-2,71,38,10,66,32,7
Clara Tauson,20260215,Dubai,Hard,PM,R16,Magda Linette,6-4 6-2,50,19,16,77,21,18
Clara Tauson,20260215,Dubai,Hard,PM,R32,Peyton Stearns,6-2 6-4,49,21,11,62,17,12
Clara Tauson,20260215,Dubai,Hard,PM,R64,Sofia Kenin,7-6(4) 6-2,62,36,6,65,25,12
Coco Gauff,20260215,Dubai,Hard,PM,QF,Alexandra Eala,6-0 6-2,48,20,9,40,7,7
Coco Gauff,20260215,Dubai,Hard,PM,R16,Elise Mertens,2-6 7-6(9) 6-3,93,30,17,104,39,16
Coco Gauff,20260215,Dubai,Hard,PM,R32,Anna Kalinskaya,6-4 6-4,70,28,13,58,19,7
Diana Shnaider,20260215,Dubai,Hard,PM,R64,Maya Joint,6-4 6-1,51,23,7,55,17,8
Elena Rybakina,20260215,Dubai,Hard,PM,R32,Kimberly Birrell,6-1 6-2,46,20,15,43,15,6
Elina Svitolina,20260215,Dubai,Hard,PM,QF,Antonia Ruzic,3-6 6-2 6-3,81,32,13,67,21,16
Elina Svitolina,20260215,Dubai,Hard,PM,R16,Belinda Bencic,4-6 6-1 6-3,83,35,13,88,30,14
Elina Svitolina,20260215,Dubai,Hard,PM,R32,Paula Badosa,6-4 0-0 RET,31,10,10,28,8,7
Elina Svitolina,20260215,Dubai,Hard,PM,SF,Coco Gauff,6-4 6-7(13) 6-4,130,49,28,116,46,19
Elise Mertens,20260215,Dubai,Hard,PM,R32,Emma Navarro,6-2 6-2,46,17,18,53,15,11
Elise Mertens,20260215,Dubai,Hard,PM,R64,Marie Bouzkova,6-2 6-2,51,24,12,49,16,9
Emma Navarro,20260215,Dubai,Hard,PM,R64,Elena Gabriela Ruse,6-4 7-5,56,27,8,62,21,13
Iva Jovic,20260215,Dubai,Hard,PM,R32,Diana Shnaider,6-4 1-6 6-0,57,20,14,92,36,10
Iva Jovic,20260215,Dubai,Hard,PM,R64,Kamilla Rakhimova,6-1 1-6 6-1,66,28,14,77,27,12
Janice Tjen,20260215,Dubai,Hard,PM,R32,Leylah Fernandez,7-6(5) 6-4,67,29,15,74,32,11
Janice Tjen,20260215,Dubai,Hard,PM,R64,Dayana Yastremska,6-4 6-1,49,21,15,64,23,9
Jessica Pegula,20260215,Dubai,Hard,PM,F,Elina Svitolina,6-2 6-4,48,26,9,66,25,9
Jessica Pegula,20260215,Dubai,Hard,PM,QF,Clara Tauson,6-3 2-6 6-4,103,40,24,73,37,13
Jessica Pegula,20260215,Dubai,Hard,PM,R16,Iva Jovic,6-4 6-2,48,29,8,59,20,15
Jessica Pegula,20260215,Dubai,Hard,PM,R32,Varvara Gracheva,6-4 6-0,48,25,7,56,20,5
Jessica Pegula,20260215,Dubai,Hard,PM,SF,Amanda Anisimova,1-6 6-4 6-3,89,37,14,95,41,12
Kimberly Birrell,20260215,Dubai,Hard,PM,R64,Tatjana Maria,6-4 3-6 7-5,107,48,19,104,41,24
Leylah Fernandez,20260215,Dubai,Hard,PM,R64,Liudmila Samsonova,5-7 7-5 6-3,120,50,25,97,42,19
Linda Noskova,20260215,Dubai,Hard,PM,R64,Ann Li,6-3 5-7 6-4,99,36,27,101,44,17
Mirra Andreeva,20260215,Dubai,Hard,PM,R16,Jaqueline Cristian,7-5 6-3,61,26,5,76,15,16
Mirra Andreeva,20260215,Dubai,Hard,PM,R32,Daria Kasatkina,W/O,,,,,,
Peyton Stearns,20260215,Dubai,Hard,PM,R64,Magdalena Frech,6-4 6-2,64,28,17,53,23,6
Sara Bejlek,20260215,Dubai,Hard,PM,R64,Zeynep Sonmez,6-2 6-2,37,18,6,36,9,7
Sorana Cirstea,20260215,Dubai,Hard,PM,R32,Linda Noskova,6-1 6-4,49,25,12,59,24,8
Sorana Cirstea,20260215,Dubai,Hard,PM,R64,Aliaksandra Sasnovich,6-3 7-6(6),83,32,19,68,22,13
Iva Jovic,20260223,Austin,Hard,I,R16,Ajla Tomljanovic,4-6 6-4 6-4,98,37,19,85,43,16
Kimberly Birrell,20260223,Austin,Hard,I,SF,Peyton Stearns,6-3 3-6 6-2,88,34,9,79,30,12
Nikola Bartunkova,20260223,Austin,Hard,I,R16,Taylor Townsend,6-1 6-4,62,24,10,48,28,10
Xin Yu Wang,20260223,Austin,Hard,I,R32,Rebeka Masarova,6-3 6-2,55,18,9,46,28,6
Iva Jovic,20260223,Austin,Hard,I,R32,Anna Blinkova,6-3 6-4,61,30,15,55,19,15
Kimberly Birrell,20260223,Austin,Hard,I,QF,Ajla Tomljanovic,6-3 6-3,58,25,12,61,23,8
Kimberly Birrell,20260223,Austin,Hard,I,R16,Caroline Dolehide,6-4 6-2,60,29,9,59,23,8
Kimberly Birrell,20260223,Austin,Hard,I,R32,Petra Marcinko,0-6 6-3 6-4,93,36,9,77,29,11
Nikola Bartunkova,20260223,Austin,Hard,I,R32,Katie Volynets,6-4 7-5,68,23,16,77,28,8
Peyton Stearns,20260223,Austin,Hard,I,F,Taylor Townsend,7-6(8) 7-5,100,41,21,77,34,11
Peyton Stearns,20260223,Austin,Hard,I,QF,Oksana Selekhmeteva,6-1 5-7 7-5,110,38,23,93,34,11
Peyton Stearns,20260223,Austin,Hard,I,R16,Kaja Juvan,6-0 6-2,40,20,10,55,17,8
Peyton Stearns,20260223,Austin,Hard,I,R32,Francesca Jones,3-6 6-3 6-2,82,30,16,84,29,11
Peyton Stearns,20260223,Austin,Hard,I,SF,Kimberly Birrell,6-3 3-6 6-2,79,30,12,88,34,9
Anastasia Potapova,20260223,Merida,Hard,P,R32,Emiliana Arango,7-6(0) 6-2,86,24,14,81,36,9
Ann Li,20260223,Merida,Hard,P,R16,Zeynep Sonmez,3-6 7-6(7) 6-4,123,52,20,94,37,21
Donna Vekic,20260223,Merida,Hard,P,R32,Cristina Bucsa,6-3 6-2,59,12,8,65,25,8
Emma Navarro,20260223,Merida,Hard,P,R16,Shuai Zhang,6-4 6-4,68,26,13,63,27,13
Janice Tjen,20260223,Merida,Hard,P,R32,Camila Osorio,6-4 6-3,59,21,8,55,24,9
Jasmine Paolini,20260223,Merida,Hard,P,SF,Cristina Bucsa,7-5 6-4,70,27,10,65,28,11
Magdalena Frech,20260223,Merida,Hard,P,F,Cristina Bucsa,6-1 4-6 6-4,89,32,13,78,32,15
Marie Bouzkova,20260223,Merida,Hard,P,QF,Magdalena Frech,6-3 4-6 6-3,99,37,12,92,36,14
Cristina Bucsa,20260223,Merida,Hard,P,F,Magdalena Frech,6-1 4-6 6-4,78,32,15,89,32,13
Cristina Bucsa,20260223,Merida,Hard,P,QF,Zeynep Sonmez,6-3 6-4,69,29,11,65,20,9
Cristina Bucsa,20260223,Merida,Hard,P,R16,Marina Stakusic,7-6(1) 6-3,59,29,11,80,28,13
Cristina Bucsa,20260223,Merida,Hard,P,R32,Donna Vekic,6-3 6-2,65,25,8,59,12,8
Cristina Bucsa,20260223,Merida,Hard,P,SF,Jasmine Paolini,7-5 6-4,65,28,11,70,27,10
Jasmine Paolini,20260223,Merida,Hard,P,QF,Katie Boulter,0-6 6-3 6-3,70,26,10,82,32,10
Jasmine Paolini,20260223,Merida,Hard,P,R16,Priscilla Hon,6-0 6-2,50,21,9,47,11,6
Magdalena Frech,20260223,Merida,Hard,P,QF,Marie Bouzkova,6-3 4-6 6-3,92,36,14,99,37,12
Magdalena Frech,20260223,Merida,Hard,P,R16,Jessica Bouzas Maneiro,6-0 6-3,53,20,13,49,11,7
Magdalena Frech,20260223,Merida,Hard,P,R32,Maria Timofeeva,6-4 7-6(6),80,26,13,86,25,12
Magdalena Frech,20260223,Merida,Hard,P,SF,Shuai Zhang,6-2 6-7(6) 6-3,99,39,19,116,42,15
Marie Bouzkova,20260223,Merida,Hard,P,R16,Emiliana Arango,2-6 6-1 2-0 RET,63,29,5,57,20,8
Alexandra Eala,20260304,Indian Wells,Hard,PM,R16,Linda Noskova,6-2 6-0,44,9,9,38,17,13
Amanda Anisimova,20260304,Indian Wells,Hard,PM,R16,Victoria Mboko,6-4 6-1,69,29,5,47,27,7
Anastasia Potapova,20260304,Indian Wells,Hard,PM,R64,Jasmine Paolini,6-7(5) 6-2 6-3,108,36,21,103,43,20
Ann Li,20260304,Indian Wells,Hard,PM,R128,Talia Gibson,6-3 7-5,67,22,13,67,36,8
Anna Kalinskaya,20260304,Indian Wells,Hard,PM,R32,Victoria Mboko,6-4 6-1,43,20,5,50,24,14
Belinda Bencic,20260304,Indian Wells,Hard,PM,R16,Jessica Pegula,6-3 7-6(5),78,27,13,78,31,12
Clara Tauson,20260304,Indian Wells,Hard,PM,R32,Talia Gibson,7-6(2) 4-6 6-4,115,65,12,102,54,17
Coco Gauff,20260304,Indian Wells,Hard,PM,R32,Alexandra Eala,6-2 2-0 RET,39,8,6,25,10,4
Cristina Bucsa,20260304,Indian Wells,Hard,PM,R64,Elise Mertens,6-2 6-1,37,10,4,46,22,9
Diana Shnaider,20260304,Indian Wells,Hard,PM,R64,Sorana Cirstea,6-2 7-6(0),69,36,7,66,30,18
Diane Parry,20260304,Indian Wells,Hard,PM,R64,Madison Keys,6-4 6-3,71,22,16,72,36,9
Donna Vekic,20260304,Indian Wells,Hard,PM,R64,Jessica Pegula,4-6 6-2 6-3,85,33,13,86,40,16
Ekaterina Alexandrova,20260304,Indian Wells,Hard,PM,R64,Talia Gibson,6-3 7-5,58,23,14,74,32,19
Elena Rybakina,20260304,Indian Wells,Hard,PM,F,Aryna Sabalenka,3-6 6-3 7-6(6),96,35,28,108,40,27
Elina Svitolina,20260304,Indian Wells,Hard,PM,SF,Elena Rybakina,7-5 6-4,85,32,15,75,36,11
Elise Mertens,20260304,Indian Wells,Hard,PM,R32,Belinda Bencic,6-2 6-3,54,19,6,60,28,12
Emma Navarro,20260304,Indian Wells,Hard,PM,R64,Sonay Kartal,6-1 3-6 7-6(2),98,40,13,93,31,22
Hailey Baptiste,20260304,Indian Wells,Hard,PM,R64,Elena Rybakina,7-6(5) 2-6 6-2,91,36,19,102,43,20
Iga Swiatek,20260304,Indian Wells,Hard,PM,QF,Elina Svitolina,6-2 4-6 6-4,87,33,15,89,40,15
Iva Jovic,20260304,Indian Wells,Hard,PM,R64,Camila Osorio,4-6 7-6(4) 6-3,101,45,14,116,47,22
Janice Tjen,20260304,Indian Wells,Hard,PM,R128,Jaqueline Cristian,4-6 6-4 7-6(6),90,39,17,116,53,16
Jasmine Paolini,20260304,Indian Wells,Hard,PM,R16,Talia Gibson,7-5 2-6 6-1,87,37,14,86,36,16
Jelena Ostapenko,20260304,Indian Wells,Hard,PM,R32,Jessica Pegula,4-6 6-3 6-2,78,29,14,77,37,14
Jessica Pegula,20260304,Indian Wells,Hard,PM,QF,Elena Rybakina,6-1 7-6(4),57,22,14,78,38,13
Karolina Muchova,20260304,Indian Wells,Hard,PM,R16,Iga Swiatek,6-2 6-0,55,19,4,39,23,6
Kimberly Birrell,20260304,Indian Wells,Hard,PM,R64,Victoria Mboko,6-4 7-6(5),75,27,12,65,31,9
Leylah Fernandez,20260304,Indian Wells,Hard,PM,R64,Katerina Siniakova,5-7 6-4 7-6(1),130,46,32,138,61,21
Linda Noskova,20260304,Indian Wells,Hard,PM,SF,Aryna Sabalenka,6-3 6-4,78,28,14,58,28,12
Liudmila Samsonova,20260304,Indian Wells,Hard,PM,R64,Ashlyn Krueger,3-6 7-5 6-2,99,32,19,98,43,14
Madison Keys,20260304,Indian Wells,Hard,PM,R32,Sonay Kartal,2-6 6-2 6-3,91,35,15,87,41,14
Magdalena Frech,20260304,Indian Wells,Hard,PM,R128,Storm Hunter,3-6 7-5 6-3,108,46,17,126,51,20
Maria Sakkari,20260304,Indian Wells,Hard,PM,R32,Iga Swiatek,6-3 6-2,62,24,4,60,26,12
Marie Bouzkova,20260304,Indian Wells,Hard,PM,R128,Taylor Townsend,6-2 6-1,50,14,4,47,23,6
Marta Kostyuk,20260304,Indian Wells,Hard,PM,R32,Elena Rybakina,6-4 6-4,62,22,10,64,25,13
Mirra Andreeva,20260304,Indian Wells,Hard,PM,R32,Katerina Siniakova,4-6 7-6(5) 6-3,115,45,13,128,54,15
Naomi Osaka,20260304,Indian Wells,Hard,PM,R16,Aryna Sabalenka,6-2 6-4,68,25,12,56,32,7
Peyton Stearns,20260304,Indian Wells,Hard,PM,R128,Solana Sierra,7-5 7-5,59,21,17,75,36,12
Sorana Cirstea,20260304,Indian Wells,Hard,PM,R32,Linda Noskova,6-7(5) 6-4 6-4,116,43,30,99,43,25
Talia Gibson,20260304,Indian Wells,Hard,PM,QF,Linda Noskova,6-2 4-6 6-2,74,31,11,72,37,13
Victoria Mboko,20260304,Indian Wells,Hard,PM,QF,Aryna Sabalenka,7-6(0) 6-4,82,35,15,84,36,21
Xin Yu Wang,20260304,Indian Wells,Hard,PM,R64,Ajla Tomljanovic,6-3 6-1,50,19,6,53,31,6
Alexandra Eala,20260304,Indian Wells,Hard,PM,R32,Coco Gauff,6-2 2-0 RET,25,10,4,39,8,6
Alexandra Eala,20260304,Indian Wells,Hard,PM,R64,Dayana Yastremska,7-5 4-6 7-5,96,41,13,126,44,23
Amanda Anisimova,20260304,Indian Wells,Hard,PM,R32,Emma Raducanu,6-1 6-1,35,18,10,39,6,8
Amanda Anisimova,20260304,Indian Wells,Hard,PM,R64,Anna Blinkova,5-7 6-1 6-0,76,36,10,71,25,4
Anastasia Potapova,20260304,Indian Wells,Hard,PM,R128,Marina Stakusic,4-6 6-1 7-5,96,33,17,105,32,16
Anna Kalinskaya,20260304,Indian Wells,Hard,PM,R64,Zeynep Sonmez,6-4 7-6(4),73,32,10,75,23,16
Aryna Sabalenka,20260304,Indian Wells,Hard,PM,F,Elena Rybakina,3-6 6-3 7-6(6),108,40,27,96,35,28
Aryna Sabalenka,20260304,Indian Wells,Hard,PM,QF,Victoria Mboko,7-6(0) 6-4,84,36,21,82,35,15
Aryna Sabalenka,20260304,Indian Wells,Hard,PM,R16,Naomi Osaka,6-2 6-4,56,32,7,68,25,12
Aryna Sabalenka,20260304,Indian Wells,Hard,PM,R32,Jaqueline Cristian,6-4 6-1,51,30,7,45,17,6
Aryna Sabalenka,20260304,Indian Wells,Hard,PM,R64,Himeno Sakatsume,6-4 6-2,45,28,8,61,29,8
Aryna Sabalenka,20260304,Indian Wells,Hard,PM,SF,Linda Noskova,6-3 6-4,58,28,12,78,28,14
Belinda Bencic,20260304,Indian Wells,Hard,PM,R32,Elise Mertens,6-2 6-3,60,28,12,54,19,6
Belinda Bencic,20260304,Indian Wells,Hard,PM,R64,Storm Hunter,6-3 6-2,56,19,15,52,17,8
Clara Tauson,20260304,Indian Wells,Hard,PM,R64,Yulia Putintseva,7-6(9) 6-2,82,37,14,75,31,9
Coco Gauff,20260304,Indian Wells,Hard,PM,R64,Kamilla Rakhimova,6-3 7-6(5),75,32,5,82,22,14
Cristina Bucsa,20260304,Indian Wells,Hard,PM,R128,Darja Vidmanova,6-4 6-0,65,29,10,48,18,3
Diane Parry,20260304,Indian Wells,Hard,PM,R128,Venus Williams,6-3 6-7(4) 6-1,94,43,22,79,32,17
Donna Vekic,20260304,Indian Wells,Hard,PM,R128,Tereza Valentova,7-6(4) 7-6(4),104,38,24,99,39,19
Elena Rybakina,20260304,Indian Wells,Hard,PM,QF,Jessica Pegula,6-1 7-6(4),78,38,13,57,22,14
Elena Rybakina,20260304,Indian Wells,Hard,PM,R16,Sonay Kartal,6-4 4-3 RET,53,23,14,55,23,9
Elena Rybakina,20260304,Indian Wells,Hard,PM,R32,Marta Kostyuk,6-4 6-4,64,25,13,62,22,10
Elena Rybakina,20260304,Indian Wells,Hard,PM,R64,Hailey Baptiste,7-6(5) 2-6 6-2,102,43,20,91,36,19
Elena Rybakina,20260304,Indian Wells,Hard,PM,SF,Elina Svitolina,7-5 6-4,75,36,11,85,32,15
Elina Svitolina,20260304,Indian Wells,Hard,PM,QF,Iga Swiatek,6-2 4-6 6-4,89,40,15,87,33,15
Elina Svitolina,20260304,Indian Wells,Hard,PM,R16,Katerina Siniakova,6-1 1-1 RET,27,11,9,24,6,6
Elina Svitolina,20260304,Indian Wells,Hard,PM,R32,Ashlyn Krueger,6-4 6-2,53,25,11,56,20,8
Elina Svitolina,20260304,Indian Wells,Hard,PM,R64,Laura Siegemund,7-6(5) 4-6 6-3,104,45,23,99,47,16
Elise Mertens,20260304,Indian Wells,Hard,PM,R64,Cristina Bucsa,6-2 6-1,46,22,9,37,10,4
Hailey Baptiste,20260304,Indian Wells,Hard,PM,R128,Emiliana Arango,2-6 6-2 6-3,85,32,22,102,37,19
Iga Swiatek,20260304,Indian Wells,Hard,PM,R16,Karolina Muchova,6-2 6-0,39,23,6,55,19,4
Iga Swiatek,20260304,Indian Wells,Hard,PM,R32,Maria Sakkari,6-3 6-2,60,26,12,62,24,4
Iga Swiatek,20260304,Indian Wells,Hard,PM,R64,Kayla Day,6-0 7-6(2),70,27,17,55,18,8
Jasmine Paolini,20260304,Indian Wells,Hard,PM,R32,Ajla Tomljanovic,7-5 5-7 6-1,89,35,19,108,44,13
Jasmine Paolini,20260304,Indian Wells,Hard,PM,R64,Anastasia Potapova,6-7(5) 6-2 6-3,103,43,20,108,36,21
Jelena Ostapenko,20260304,Indian Wells,Hard,PM,R64,Katie Volynets,6-4 7-6(5),77,32,11,90,33,12
Jessica Pegula,20260304,Indian Wells,Hard,PM,R16,Belinda Bencic,6-3 7-6(5),78,31,12,78,27,13
Jessica Pegula,20260304,Indian Wells,Hard,PM,R32,Jelena Ostapenko,4-6 6-3 6-2,77,37,14,78,29,14
Jessica Pegula,20260304,Indian Wells,Hard,PM,R64,Donna Vekic,4-6 6-2 6-3,86,40,16,85,33,13
Karolina Muchova,20260304,Indian Wells,Hard,PM,R32,Antonia Ruzic,6-0 6-3,37,23,5,60,18,9
Karolina Muchova,20260304,Indian Wells,Hard,PM,R64,Anna Bondar,7-5 6-2,78,38,11,59,21,12
Kimberly Birrell,20260304,Indian Wells,Hard,PM,R128,Oksana Selekhmeteva,6-1 6-4,65,28,11,49,14,7
Linda Noskova,20260304,Indian Wells,Hard,PM,QF,Talia Gibson,6-2 4-6 6-2,72,37,13,74,31,11
Linda Noskova,20260304,Indian Wells,Hard,PM,R16,Alexandra Eala,6-2 6-0,38,17,13,44,9,9
Linda Noskova,20260304,Indian Wells,Hard,PM,R32,Sorana Cirstea,6-7(5) 6-4 6-4,99,43,25,116,43,30
Linda Noskova,20260304,Indian Wells,Hard,PM,R64,Jessica Bouzas Maneiro,6-3 6-3,56,30,8,60,15,14
Madison Keys,20260304,Indian Wells,Hard,PM,R64,Diane Parry,6-4 6-3,72,36,9,71,22,16
Maria Sakkari,20260304,Indian Wells,Hard,PM,R64,Lilli Tagger,7-5 6-0,60,28,14,63,24,9
Marta Kostyuk,20260304,Indian Wells,Hard,PM,R64,Taylor Townsend,6-3 6-2,60,32,5,55,20,7
Mirra Andreeva,20260304,Indian Wells,Hard,PM,R64,Solana Sierra,6-0 6-0,38,15,13,37,3,8
Naomi Osaka,20260304,Indian Wells,Hard,PM,R32,Camila Osorio,6-1 3-6 6-1,73,39,9,79,27,14
Naomi Osaka,20260304,Indian Wells,Hard,PM,R64,Victoria Jimenez Kasintseva,7-5 6-2,56,24,13,75,29,8
Sorana Cirstea,20260304,Indian Wells,Hard,PM,R128,Tatjana Maria,6-4 4-6 6-3,77,31,20,90,36,13
Sorana Cirstea,20260304,Indian Wells,Hard,PM,R64,Diana Shnaider,6-2 7-6(0),66,30,18,69,36,7
Talia Gibson,20260304,Indian Wells,Hard,PM,R128,Ann Li,6-3 7-5,67,36,8,67,22,13
Talia Gibson,20260304,Indian Wells,Hard,PM,R16,Jasmine Paolini,7-5 2-6 6-1,86,36,16,87,37,14
Talia Gibson,20260304,Indian Wells,Hard,PM,R32,Clara Tauson,7-6(2) 4-6 6-4,102,54,17,115,65,12
Talia Gibson,20260304,Indian Wells,Hard,PM,R64,Ekaterina Alexandrova,6-3 7-5,74,32,19,58,23,14
Victoria Mboko,20260304,Indian Wells,Hard,PM,R16,Amanda Anisimova,6-4 6-1,47,27,7,69,29,5
Victoria Mboko,20260304,Indian Wells,Hard,PM,R32,Anna Kalinskaya,6-4 6-1,50,24,14,43,20,5
Victoria Mboko,20260304,Indian Wells,Hard,PM,R64,Kimberly Birrell,6-4 7-6(5),65,31,9,75,27,12
Alexandra Eala,20260317,Miami,Hard,PM,R16,Karolina Muchova,6-0 6-2,42,8,10,36,20,8
Amanda Anisimova,20260317,Miami,Hard,PM,R16,Belinda Bencic,6-2 6-2,54,20,7,53,34,3
Ann Li,20260317,Miami,Hard,PM,R64,Aryna Sabalenka,7-6(5) 6-4,87,35,19,74,34,14
Anna Kalinskaya,20260317,Miami,Hard,PM,R64,Anastasia Zakharova,3-6 6-1 7-5,85,35,15,96,36,23
Belinda Bencic,20260317,Miami,Hard,PM,QF,Coco Gauff,6-3 1-6 6-3,90,42,11,69,30,9
Clara Tauson,20260317,Miami,Hard,PM,R64,Katie Boulter,6-7(4) 6-4 1-0 RET,81,31,11,79,33,14
Coco Gauff,20260317,Miami,Hard,PM,F,Aryna Sabalenka,6-2 4-6 6-3,98,43,15,78,35,19
Cristina Bucsa,20260317,Miami,Hard,PM,R64,Yuliia Starodubtseva,6-2 3-2 RET,39,13,4,41,19,7
Diana Shnaider,20260317,Miami,Hard,PM,R32,Belinda Bencic,6-3 6-3,54,29,3,59,28,12
Ekaterina Alexandrova,20260317,Miami,Hard,PM,R32,Jaqueline Cristian,6-3 4-6 7-6(5),112,50,14,96,39,18
Elena Rybakina,20260317,Miami,Hard,PM,SF,Aryna Sabalenka,6-4 6-3,63,23,10,51,24,12
Elina Svitolina,20260317,Miami,Hard,PM,R32,Hailey Baptiste,6-3 7-5,58,15,13,78,29,17
Elise Mertens,20260317,Miami,Hard,PM,R32,Sorana Cirstea,6-3 6-2,48,17,10,66,27,14
Hailey Baptiste,20260317,Miami,Hard,PM,QF,Aryna Sabalenka,6-4 6-4,55,22,12,58,30,10
Iga Swiatek,20260317,Miami,Hard,PM,R64,Magda Linette,1-6 7-5 6-3,81,37,19,88,38,19
Iva Jovic,20260317,Miami,Hard,PM,R32,Talia Gibson,6-2 6-2,53,16,12,42,20,13
Janice Tjen,20260317,Miami,Hard,PM,R128,Yulia Putintseva,3-6 6-3 6-4,91,41,14,82,45,8
Jasmine Paolini,20260317,Miami,Hard,PM,R32,Jelena Ostapenko,5-7 6-2 7-5,120,41,18,97,39,15
Jelena Ostapenko,20260317,Miami,Hard,PM,R16,Hailey Baptiste,6-3 6-4,60,28,6,69,28,18
Jessica Pegula,20260317,Miami,Hard,PM,QF,Elena Rybakina,2-6 6-3 6-4,86,40,16,112,46,22
Karolina Muchova,20260317,Miami,Hard,PM,SF,Coco Gauff,6-1 6-1,61,21,4,55,27,7
Kimberly Birrell,20260317,Miami,Hard,PM,R128,Ann Li,6-2 2-6 6-3,88,35,15,73,33,16
Leylah Fernandez,20260317,Miami,Hard,PM,R32,Jessica Pegula,6-2 6-2,55,22,6,47,25,10
Linda Noskova,20260317,Miami,Hard,PM,R64,Sorana Cirstea,6-2 3-6 6-4,89,30,19,91,38,16
Liudmila Samsonova,20260317,Miami,Hard,PM,R64,Hailey Baptiste,6-3 7-5,79,25,11,80,23,21
Madison Keys,20260317,Miami,Hard,PM,R32,Qinwen Zheng,4-6 6-2 6-4,89,42,13,93,42,18
Magdalena Frech,20260317,Miami,Hard,PM,R128,Mccartney Kessler,2-6 6-4 6-2,74,37,9,72,36,11
Maria Sakkari,20260317,Miami,Hard,PM,R64,Alycia Parks,6-3 6-3,57,27,7,63,25,16
Marie Bouzkova,20260317,Miami,Hard,PM,R32,Mirra Andreeva,7-6(4) 6-2,72,27,10,74,33,12
Marta Kostyuk,20260317,Miami,Hard,PM,R32,Elena Rybakina,6-3 6-4,58,22,14,59,28,15
Mirra Andreeva,20260317,Miami,Hard,PM,R16,Victoria Mboko,7-6(4) 4-6 6-0,104,38,24,93,51,12
Naomi Osaka,20260317,Miami,Hard,PM,R64,Talia Gibson,7-5 6-4,60,29,11,70,36,12
Peyton Stearns,20260317,Miami,Hard,PM,R64,Jaqueline Cristian,6-4 7-5,75,32,9,70,33,9
Sara Bejlek,20260317,Miami,Hard,PM,R128,Talia Gibson,6-1 6-0,35,5,4,57,21,14
Sorana Cirstea,20260317,Miami,Hard,PM,R16,Coco Gauff,6-4 3-6 6-2,91,32,13,82,40,6
Talia Gibson,20260317,Miami,Hard,PM,R16,Elena Rybakina,6-2 6-2,50,16,10,44,27,6
Victoria Mboko,20260317,Miami,Hard,PM,QF,Karolina Muchova,7-5 7-6(5),76,42,10,83,42,16
Xin Yu Wang,20260317,Miami,Hard,PM,R64,Caty Mcnally,6-4 1-6 6-0,88,36,11,61,32,8
Yuliia Starodubtseva,20260317,Miami,Hard,PM,R32,Amanda Anisimova,6-4 6-2,53,21,4,57,25,11
Alexandra Eala,20260317,Miami,Hard,PM,R32,Magda Linette,6-3 7-6(2),64,28,19,66,27,15
Alexandra Eala,20260317,Miami,Hard,PM,R64,Laura Siegemund,6-7(6) 6-3 6-3,108,53,16,127,55,16
Amanda Anisimova,20260317,Miami,Hard,PM,R32,Yuliia Starodubtseva,6-4 6-2,57,25,11,53,21,4
Amanda Anisimova,20260317,Miami,Hard,PM,R64,Ajla Tomljanovic,6-1 5-7 6-4,82,23,18,97,29,15
Ann Li,20260317,Miami,Hard,PM,R128,Kimberly Birrell,6-2 2-6 6-3,73,33,16,88,35,15
Aryna Sabalenka,20260317,Miami,Hard,PM,F,Coco Gauff,6-2 4-6 6-3,78,35,19,98,43,15
Aryna Sabalenka,20260317,Miami,Hard,PM,QF,Hailey Baptiste,6-4 6-4,58,30,10,55,22,12
Aryna Sabalenka,20260317,Miami,Hard,PM,R16,Qinwen Zheng,6-3 6-4,64,32,12,58,19,14
Aryna Sabalenka,20260317,Miami,Hard,PM,R32,Caty Mcnally,6-4 6-2,62,29,9,58,21,6
Aryna Sabalenka,20260317,Miami,Hard,PM,R64,Ann Li,7-6(5) 6-4,74,34,14,87,35,19
Aryna Sabalenka,20260317,Miami,Hard,PM,SF,Elena Rybakina,6-4 6-3,51,24,12,63,23,10
Belinda Bencic,20260317,Miami,Hard,PM,R16,Amanda Anisimova,6-2 6-2,53,34,3,54,20,7
Belinda Bencic,20260317,Miami,Hard,PM,R32,Diana Shnaider,6-3 6-3,59,28,12,54,29,3
Belinda Bencic,20260317,Miami,Hard,PM,R64,Zeynep Sonmez,6-3 6-2,47,18,14,49,15,7
Coco Gauff,20260317,Miami,Hard,PM,QF,Belinda Bencic,6-3 1-6 6-3,69,30,9,90,42,11
Coco Gauff,20260317,Miami,Hard,PM,R16,Sorana Cirstea,6-4 3-6 6-2,82,40,6,91,32,13
Coco Gauff,20260317,Miami,Hard,PM,R32,Alycia Parks,3-6 6-0 6-1,89,36,17,79,27,12
Coco Gauff,20260317,Miami,Hard,PM,R64,Elisabetta Cocciaretto,3-6 6-4 6-3,83,43,9,102,38,19
Coco Gauff,20260317,Miami,Hard,PM,SF,Karolina Muchova,6-1 6-1,55,27,7,61,21,4
Diana Shnaider,20260317,Miami,Hard,PM,R64,Tereza Valentova,7-6(7) 7-6(3),89,38,16,104,42,17
Ekaterina Alexandrova,20260317,Miami,Hard,PM,R64,Lilli Tagger,6-3 6-3,49,20,14,47,22,4
Elena Rybakina,20260317,Miami,Hard,PM,QF,Jessica Pegula,2-6 6-3 6-4,112,46,22,86,40,16
Elena Rybakina,20260317,Miami,Hard,PM,R16,Talia Gibson,6-2 6-2,44,27,6,50,16,10
Elena Rybakina,20260317,Miami,Hard,PM,R32,Marta Kostyuk,6-3 6-4,59,28,15,58,22,14
Elena Rybakina,20260317,Miami,Hard,PM,R64,Yulia Putintseva,6-3 6-3,58,27,12,59,27,5
Elina Svitolina,20260317,Miami,Hard,PM,R64,Emerson Jones,6-2 6-4,62,26,17,56,26,7
Elise Mertens,20260317,Miami,Hard,PM,R64,Elvina Kalieva,6-2 6-0,40,20,10,49,12,9
Hailey Baptiste,20260317,Miami,Hard,PM,R128,Tatjana Maria,7-5 6-2,50,23,12,58,16,12
Hailey Baptiste,20260317,Miami,Hard,PM,R16,Jelena Ostapenko,6-3 6-4,69,28,18,60,28,6
Hailey Baptiste,20260317,Miami,Hard,PM,R32,Elina Svitolina,6-3 7-5,78,29,17,58,15,13
Hailey Baptiste,20260317,Miami,Hard,PM,R64,Liudmila Samsonova,6-3 7-5,80,23,21,79,25,11
Iva Jovic,20260317,Miami,Hard,PM,R64,Paula Badosa,6-2 6-1,52,25,8,58,21,4
Jasmine Paolini,20260317,Miami,Hard,PM,R64,Taylor Townsend,6-3 1-6 6-2,80,34,14,68,32,10
Jelena Ostapenko,20260317,Miami,Hard,PM,R32,Jasmine Paolini,5-7 6-2 7-5,97,39,15,120,41,18
Jelena Ostapenko,20260317,Miami,Hard,PM,R64,Dayana Yastremska,6-4 6-4,61,26,14,64,20,19
Jessica Pegula,20260317,Miami,Hard,PM,R16,Jaqueline Cristian,6-4 6-1,39,20,12,63,21,14
Jessica Pegula,20260317,Miami,Hard,PM,R32,Leylah Fernandez,6-2 6-2,47,25,10,55,22,6
Jessica Pegula,20260317,Miami,Hard,PM,R64,Francesca Jones,6-1 3-0 RET,24,12,7,19,5,1
Karolina Muchova,20260317,Miami,Hard,PM,QF,Victoria Mboko,7-5 7-6(5),83,42,16,76,42,10
Karolina Muchova,20260317,Miami,Hard,PM,R16,Alexandra Eala,6-0 6-2,36,20,8,42,8,10
Karolina Muchova,20260317,Miami,Hard,PM,R32,Katie Boulter,6-3 7-5,68,31,17,56,21,13
Karolina Muchova,20260317,Miami,Hard,PM,R64,Camila Osorio,4-6 6-2 7-5,81,37,17,119,50,15
Leylah Fernandez,20260317,Miami,Hard,PM,R64,Oksana Selekhmeteva,7-6(1) 3-6 6-1,106,45,17,89,39,12
Madison Keys,20260317,Miami,Hard,PM,R64,Elena Gabriela Ruse,6-0 6-3,47,27,7,54,21,5
Marie Bouzkova,20260317,Miami,Hard,PM,R64,Elsa Jacquemot,6-2 6-2,60,34,6,47,18,3
Marta Kostyuk,20260317,Miami,Hard,PM,R64,Kamilla Rakhimova,6-2 6-4,46,19,8,53,16,8
Mirra Andreeva,20260317,Miami,Hard,PM,R32,Marie Bouzkova,7-6(4) 6-2,74,33,12,72,27,10
Mirra Andreeva,20260317,Miami,Hard,PM,R64,Mccartney Kessler,6-1 6-7(3) 6-1,73,39,10,94,33,14
Peyton Stearns,20260317,Miami,Hard,PM,R128,Viktorija Golubic,7-6(6) 6-4,76,39,12,91,44,10
Sorana Cirstea,20260317,Miami,Hard,PM,R128,Shuai Zhang,6-3 6-4,69,32,9,57,18,11
Sorana Cirstea,20260317,Miami,Hard,PM,R32,Elise Mertens,6-3 6-2,66,27,14,48,17,10
Sorana Cirstea,20260317,Miami,Hard,PM,R64,Linda Noskova,6-2 3-6 6-4,91,38,16,89,30,19
Talia Gibson,20260317,Miami,Hard,PM,R128,Sara Bejlek,6-1 6-0,57,21,14,35,5,4
Talia Gibson,20260317,Miami,Hard,PM,R32,Iva Jovic,6-2 6-2,42,20,13,53,16,12
Talia Gibson,20260317,Miami,Hard,PM,R64,Naomi Osaka,7-5 6-4,70,36,12,60,29,11
Victoria Mboko,20260317,Miami,Hard,PM,R16,Mirra Andreeva,7-6(4) 4-6 6-0,93,51,12,104,38,24
Victoria Mboko,20260317,Miami,Hard,PM,R32,Anastasia Zakharova,6-1 7-5,62,33,12,68,28,10
Victoria Mboko,20260317,Miami,Hard,PM,R64,Anna Blinkova,6-2 6-0,49,18,13,39,7,5
Yuliia Starodubtseva,20260317,Miami,Hard,PM,R128,Eva Lys,6-1 6-4,44,21,7,66,22,7
Yuliia Starodubtseva,20260317,Miami,Hard,PM,R64,Cristina Bucsa,6-2 3-2 RET,41,19,7,39,13,4
Ann Li,20260713,Athens,Hard,I,R16,Alina Korneeva,6-2 6-2,60,18,7,40,22,5
Clara Tauson,20260713,Athens,Hard,I,SF,Barbora Krejcikova,6-1 4-6 6-3,122,47,13,89,35,15
Maria Sakkari,20260713,Athens,Hard,I,F,Barbora Krejcikova,7-6(5) 6-3,57,19,18,67,32,12
Sara Bejlek,20260713,Athens,Hard,I,QF,Clara Tauson,6-2 6-3,63,21,11,54,23,15
Ann Li,20260713,Athens,Hard,I,R32,Maria Timofeeva,6-2 6-1,50,20,13,64,18,12
Barbora Krejcikova,20260713,Athens,Hard,I,F,Maria Sakkari,7-6(5) 6-3,67,32,12,57,19,18
Barbora Krejcikova,20260713,Athens,Hard,I,QF,Qinwen Zheng,6-4 6-4,74,37,7,71,19,20
Barbora Krejcikova,20260713,Athens,Hard,I,R16,Carole Monnet,6-0 6-2,62,22,15,50,13,5
Barbora Krejcikova,20260713,Athens,Hard,I,R32,Viktoriya Tomova,6-3 6-3,57,26,5,61,15,8
Barbora Krejcikova,20260713,Athens,Hard,I,SF,Clara Tauson,6-1 4-6 6-3,89,35,15,122,47,13
Clara Tauson,20260713,Athens,Hard,I,QF,Sara Bejlek,6-2 6-3,54,23,15,63,21,11
Clara Tauson,20260713,Athens,Hard,I,R16,Miriana Tona,6-4 6-0,48,28,7,46,14,9
Clara Tauson,20260713,Athens,Hard,I,R32,Nao Hibino,7-5 6-4,79,36,11,76,33,9
Maria Sakkari,20260713,Athens,Hard,I,QF,Alycia Parks,6-4 6-3,47,28,6,57,20,11
Maria Sakkari,20260713,Athens,Hard,I,R16,Harriet Dart,6-1 6-2,41,20,9,50,13,9
Maria Sakkari,20260713,Athens,Hard,I,R32,Polina Kudermetova,6-0 7-6(1),57,22,16,58,20,5
Maria Sakkari,20260713,Athens,Hard,I,SF,Alina Korneeva,6-1 7-5,55,26,12,54,16,9
Sara Bejlek,20260713,Athens,Hard,I,R16,Lilli Tagger,6-2 6-2,45,21,5,51,14,3
Sara Bejlek,20260713,Athens,Hard,I,R32,Viktoria Morvayova,6-0 7-5,69,24,16,58,19,4
Barbora Krejcikova,20260720,Prague,Hard,I,SF,Lilli Tagger,6-7(5) 6-3 7-6(4),104,46,23,101,47,27
Daria Snigur,20260720,Prague,Hard,I,F,Lilli Tagger,7-6(3) 6-2,67,28,9,63,29,15
Diane Parry,20260720,Prague,Hard,I,R32,Mai Hontama,6-4 6-0,51,19,4,55,31,5
Marie Bouzkova,20260720,Prague,Hard,I,QF,Tereza Valentova,2-6 6-4 7-6(6),99,47,11,92,39,9
Nikola Bartunkova,20260720,Prague,Hard,I,R16,Lanlana Tararudee,7-6(4) 3-6 7-6(6),130,46,26,126,53,16
Sara Bejlek,20260720,Prague,Hard,I,QF,Lilli Tagger,6-3 6-4,64,19,13,64,27,10
Barbora Krejcikova,20260720,Prague,Hard,I,QF,Dominika Salkova,6-3 6-3,54,23,10,62,23,7
Barbora Krejcikova,20260720,Prague,Hard,I,R16,Lucie Havlickova,6-4 6-2,51,23,14,78,33,10
Barbora Krejcikova,20260720,Prague,Hard,I,R32,Linda Fruhvirtova,6-2 6-4,50,19,12,47,16,4
Daria Snigur,20260720,Prague,Hard,I,QF,Lanlana Tararudee,6-0 6-3,50,24,8,56,16,9
Daria Snigur,20260720,Prague,Hard,I,R16,Ayla Aksu,6-3 6-2,48,22,9,52,14,10
Daria Snigur,20260720,Prague,Hard,I,R32,Ella Seidel,7-5 3-6 6-3,88,44,11,113,39,20
Daria Snigur,20260720,Prague,Hard,I,SF,Tereza Valentova,7-6(4) 6-3,87,32,16,77,26,14
Marie Bouzkova,20260720,Prague,Hard,I,R16,Carol Young Suh Lee,7-5 6-4,69,36,9,75,31,9
Marie Bouzkova,20260720,Prague,Hard,I,R32,Jessica Bouzas Maneiro,7-5 7-5,75,30,19,93,37,13
Nikola Bartunkova,20260720,Prague,Hard,I,R32,Yue Yuan,3-6 6-4 6-1,71,27,20,86,39,10
Sara Bejlek,20260720,Prague,Hard,I,R16,Maria Timofeeva,6-1 6-1,47,22,7,45,13,3
Sara Bejlek,20260720,Prague,Hard,I,R32,Anna Blinkova,7-6(9) 3-6 6-1,111,36,21,105,30,24
Ekaterina Alexandrova,20260727,Memphis,Hard,I,R32,Kristina Liutova,7-6(2) 4-6 5-4 RET,143,50,27,97,43,13
Kimberly Birrell,20260727,Memphis,Hard,I,R32,Ye Xin Ma,7-6(2) 6-4,73,26,13,70,27,17
Peyton Stearns,20260727,Memphis,Hard,I,QF,Elvina Kalieva,6-1 2-6 6-3,83,22,21,87,34,19
Talia Gibson,20260727,Memphis,Hard,I,R32,Tatjana Maria,6-0 6-3,51,15,9,45,23,9
Yuliia Starodubtseva,20260727,Memphis,Hard,I,R32,Sloane Stephens,6-4 5-7 6-2,101,38,14,106,39,22
Peyton Stearns,20260727,Memphis,Hard,I,R16,Tatiana Prozorova,6-1 6-2,51,18,12,71,19,9
Peyton Stearns,20260727,Memphis,Hard,I,R32,Mary Stoiana,6-7(5) 6-0 6-4,96,41,18,101,36,18
Anastasia Potapova,20260727,Washington,Hard,P,R16,Diana Shnaider,6-1 6-2,38,9,2,40,16,9
Ann Li,20260727,Washington,Hard,P,R32,Magdalena Frech,6-4 6-3,75,21,18,55,26,9
Anna Kalinskaya,20260727,Washington,Hard,P,QF,Jessica Pegula,6-3 7-5,58,22,12,60,28,16
Clara Tauson,20260727,Washington,Hard,P,R32,Elisabetta Cocciaretto,4-6 7-6(2) 7-6(2),143,60,24,100,43,22
Cristina Bucsa,20260727,Washington,Hard,P,R32,Polina Kudermetova,5-7 7-6(4) 6-0,119,44,20,106,34,28
Diana Shnaider,20260727,Washington,Hard,P,SF,Jessica Pegula,7-5 6-4,64,24,8,66,25,15
Elina Svitolina,20260727,Washington,Hard,P,QF,Alexandra Eala,6-3 6-4,81,26,13,54,24,5
Emma Navarro,20260727,Washington,Hard,P,R16,Elisabetta Cocciaretto,6-3 4-6 6-3,87,30,15,95,41,14
Janice Tjen,20260727,Washington,Hard,P,R16,Anna Kalinskaya,1-6 6-3 7-6(7),98,40,18,94,30,26
Jessica Pegula,20260727,Washington,Hard,P,F,Alexandra Eala,4-6 6-4 6-0,71,26,14,70,38,11
Leylah Fernandez,20260727,Washington,Hard,P,R16,Alexandra Eala,6-2 7-6(1),74,27,11,66,27,16
Liudmila Samsonova,20260727,Washington,Hard,P,QF,Diana Shnaider,6-3 6-4,65,22,14,57,28,12
Madison Keys,20260727,Washington,Hard,P,R32,Liudmila Samsonova,3-6 6-4 6-4,97,43,18,97,35,24
Magdalena Frech,20260727,Washington,Hard,P,R16,Jessica Pegula,3-6 6-3 6-0,78,28,13,78,31,19
Naomi Osaka,20260727,Washington,Hard,P,SF,Alexandra Eala,6-4 6-2,59,19,13,47,20,15
Xin Yu Wang,20260727,Washington,Hard,P,R16,Liudmila Samsonova,6-2 6-2,44,20,4,53,28,10
Alexandra Eala,20260727,Washington,Hard,P,F,Jessica Pegula,4-6 6-4 6-0,70,38,11,71,26,14
Alexandra Eala,20260727,Washington,Hard,P,QF,Elina Svitolina,6-3 6-4,54,24,5,81,26,13
Alexandra Eala,20260727,Washington,Hard,P,R16,Leylah Fernandez,6-2 7-6(1),66,27,16,74,27,11
Alexandra Eala,20260727,Washington,Hard,P,R32,Qinwen Zheng,4-6 6-4 6-1,84,32,17,92,29,17
Alexandra Eala,20260727,Washington,Hard,P,SF,Naomi Osaka,6-4 6-2,47,20,15,59,19,13
Anastasia Potapova,20260727,Washington,Hard,P,R32,Venus Williams,6-3 6-3,45,19,17,66,29,7
Anna Kalinskaya,20260727,Washington,Hard,P,R16,Janice Tjen,1-6 6-3 7-6(7),94,30,26,98,40,18
Anna Kalinskaya,20260727,Washington,Hard,P,R32,Daria Kasatkina,6-4 6-1,52,22,8,46,14,4
Diana Shnaider,20260727,Washington,Hard,P,QF,Liudmila Samsonova,6-3 6-4,57,28,12,65,22,14
Diana Shnaider,20260727,Washington,Hard,P,R16,Anastasia Potapova,6-1 6-2,40,16,9,38,9,2
Elina Svitolina,20260727,Washington,Hard,P,R16,Polina Kudermetova,7-6(4) 6-4,79,32,15,78,32,10
Emma Navarro,20260727,Washington,Hard,P,R32,Sofia Kenin,6-0 7-5,89,36,14,63,21,6
Janice Tjen,20260727,Washington,Hard,P,R32,Rebecca Sramkova,6-4 6-2,54,20,13,64,15,14
Jessica Pegula,20260727,Washington,Hard,P,QF,Anna Kalinskaya,6-3 7-5,60,28,16,58,22,12
Jessica Pegula,20260727,Washington,Hard,P,R16,Magdalena Frech,3-6 6-3 6-0,78,31,19,78,28,13
Jessica Pegula,20260727,Washington,Hard,P,SF,Diana Shnaider,7-5 6-4,66,25,15,64,24,8
Leylah Fernandez,20260727,Washington,Hard,P,R32,Magda Linette,6-1 6-4,44,23,9,60,15,14
Liudmila Samsonova,20260727,Washington,Hard,P,R16,Xin Yu Wang,6-2 6-2,53,28,10,44,20,4
Liudmila Samsonova,20260727,Washington,Hard,P,R32,Madison Keys,3-6 6-4 6-4,97,35,24,97,43,18
Magdalena Frech,20260727,Washington,Hard,P,R32,Ann Li,6-4 6-3,55,26,9,75,21,18
Naomi Osaka,20260727,Washington,Hard,P,QF,Elisabetta Cocciaretto,4-6 6-4 6-3,86,30,23,87,33,15
Naomi Osaka,20260727,Washington,Hard,P,R16,Ashlyn Krueger,6-3 3-1 RET,40,12,18,32,16,3
Xin Yu Wang,20260727,Washington,Hard,P,R32,Julieta Pareja,7-6(3) 6-3,82,36,14,75,24,14
Alexandra Eala,20260802,Toronto,Hard,PM,R16,Belinda Bencic,6-4 6-0,48,13,7,45,21,8
Amanda Anisimova,20260802,Toronto,Hard,PM,R16,Elina Svitolina,6-2 6-4,72,25,11,45,20,10
Anastasia Potapova,20260802,Toronto,Hard,PM,R32,Elina Svitolina,6-1 6-1,44,13,4,53,25,9
Anhelina Kalinina,20260802,Toronto,Hard,PM,R128,Anna Bondar,6-4 7-5,83,26,15,65,27,10
Ann Li,20260802,Toronto,Hard,PM,R32,Elena Rybakina,6-2 7-5,70,23,13,54,22,14
Anna Kalinskaya,20260802,Toronto,Hard,PM,R32,Diana Shnaider,6-3 6-3,54,19,8,55,24,10
Aryna Sabalenka,20260802,Toronto,Hard,PM,R16,Ekaterina Alexandrova,7-6(3) 4-6 6-4,113,38,25,100,38,21
Barbora Krejcikova,20260802,Toronto,Hard,PM,R64,Liudmila Samsonova,6-1 7-5,55,19,9,70,26,20
Belinda Bencic,20260802,Toronto,Hard,PM,QF,Coco Gauff,W/O,,,,,,
Clara Tauson,20260802,Toronto,Hard,PM,R64,Nikola Bartunkova,6-3 6-4,61,22,8,68,21,17
Coco Gauff,20260802,Toronto,Hard,PM,SF,Elena Rybakina,5-7 6-2 6-2,98,38,17,80,34,21
Cristina Bucsa,20260802,Toronto,Hard,PM,R128,Moyuka Uchijima,6-3 6-4,54,19,8,65,27,11
Diana Shnaider,20260802,Toronto,Hard,PM,QF,Iga Swiatek,6-2 6-1,55,20,5,38,23,5
Diane Parry,20260802,Toronto,Hard,PM,R128,Kayla Day,3-6 6-3 7-5,88,30,18,85,34,18
Donna Vekic,20260802,Toronto,Hard,PM,R64,Viktorija Golubic,5-7 6-2 6-3,90,29,17,99,47,9
Ekaterina Alexandrova,20260802,Toronto,Hard,PM,QF,Elina Svitolina,3-6 6-0 6-3,73,24,12,70,25,17
Elena Rybakina,20260802,Toronto,Hard,PM,F,Iga Swiatek,6-2 6-3,51,19,9,46,28,5
Elina Svitolina,20260802,Toronto,Hard,PM,SF,Iga Swiatek,6-3 1-6 6-3,77,29,12,103,41,14
Elise Mertens,20260802,Toronto,Hard,PM,R32,Naomi Osaka,6-1 6-2,53,17,7,47,23,12
Emma Navarro,20260802,Toronto,Hard,PM,R64,Alina Korneeva,6-2 6-2,53,10,13,58,22,12
Iva Jovic,20260802,Toronto,Hard,PM,R32,Alina Korneeva,6-3 6-4,55,17,5,48,23,4
Janice Tjen,20260802,Toronto,Hard,PM,R128,Liudmila Samsonova,7-6(9) 7-5,93,32,19,90,40,15
Jelena Ostapenko,20260802,Toronto,Hard,PM,R64,Shuai Zhang,6-0 4-0 RET,43,8,7,31,19,4
Jessica Pegula,20260802,Toronto,Hard,PM,R16,Diana Shnaider,6-3 6-3,56,26,6,55,26,12
Kimberly Birrell,20260802,Toronto,Hard,PM,R128,Viktorija Golubic,7-6(7) 6-4,73,29,12,76,29,15
Leylah Fernandez,20260802,Toronto,Hard,PM,R16,Naomi Osaka,6-4 6-4,57,21,13,56,29,12
Linda Noskova,20260802,Toronto,Hard,PM,R64,Caty Mcnally,7-6(5) 6-1,63,19,12,69,30,12
Liudmila Samsonova,20260802,Toronto,Hard,PM,R16,Elena Rybakina,6-4 4-6 6-4,123,43,20,94,31,21
Madison Keys,20260802,Toronto,Hard,PM,R32,Marta Kostyuk,6-3 6-1,50,19,7,61,30,11
Magdalena Frech,20260802,Toronto,Hard,PM,R64,Jessica Pegula,3-6 6-3 6-2,76,25,17,90,40,12
Maja Chwalinska,20260802,Toronto,Hard,PM,R64,Talia Gibson,7-5 6-1,59,16,9,66,20,18
Maria Sakkari,20260802,Toronto,Hard,PM,R32,Coco Gauff,6-1 6-4,50,15,7,58,27,10
Marie Bouzkova,20260802,Toronto,Hard,PM,R64,Taylor Townsend,7-6(4) 7-5,87,34,16,78,38,13
Marta Kostyuk,20260802,Toronto,Hard,PM,R16,Iga Swiatek,3-6 6-1 6-2,70,19,13,89,31,16
Mirra Andreeva,20260802,Toronto,Hard,PM,R32,Leylah Fernandez,6-1 6-4,58,23,6,48,24,9
Naomi Osaka,20260802,Toronto,Hard,PM,QF,Elena Rybakina,4-6 7-6(5) 6-4,109,44,22,109,45,23
Nikola Bartunkova,20260802,Toronto,Hard,PM,R32,Amanda Anisimova,3-6 6-0 6-4,79,17,18,85,30,15
Oleksandra Oliynykova,20260802,Toronto,Hard,PM,R128,Karolina Pliskova,6-4 6-4,59,19,11,71,31,11
Peyton Stearns,20260802,Toronto,Hard,PM,R128,Elena Gabriela Ruse,6-0 7-5,74,20,13,62,28,10
Sara Bejlek,20260802,Toronto,Hard,PM,R64,Iga Swiatek,6-0 6-3,59,18,7,72,35,8
Sorana Cirstea,20260802,Toronto,Hard,PM,R64,Maya Joint,6-4 6-4,51,19,8,92,29,22
Talia Gibson,20260802,Toronto,Hard,PM,R32,Ekaterina Alexandrova,5-7 6-1 6-3,81,28,17,82,37,20
Xin Yu Wang,20260802,Toronto,Hard,PM,R128,Daria Kasatkina,1-6 7-6(5) 7-5,96,36,17,107,39,17
Yuliia Starodubtseva,20260802,Toronto,Hard,PM,R128,Maya Joint,4-6 6-1 6-3,99,34,15,104,33,24
Alexandra Eala,20260802,Toronto,Hard,PM,R32,Caty Mcnally,6-3 5-7 6-4,92,36,14,92,36,12
Alexandra Eala,20260802,Toronto,Hard,PM,R64,Alycia Parks,6-1 4-6 6-2,70,32,13,87,27,19
Amanda Anisimova,20260802,Toronto,Hard,PM,R32,Nikola Bartunkova,3-6 6-0 6-4,85,30,15,79,17,18
Amanda Anisimova,20260802,Toronto,Hard,PM,R64,Lanlana Tararudee,W/O,,,,,,
Anastasia Potapova,20260802,Toronto,Hard,PM,R64,Elena Gabriela Ruse,6-4 6-2,75,31,15,59,16,14
Ann Li,20260802,Toronto,Hard,PM,R64,Kayla Cross,7-6(2) 6-3,64,23,20,71,25,13
Anna Kalinskaya,20260802,Toronto,Hard,PM,R64,Mccartney Kessler,6-2 6-7(3) 6-4,98,35,23,120,43,18
Aryna Sabalenka,20260802,Toronto,Hard,PM,R32,Shuai Zhang,6-3 6-4,62,30,14,56,23,12
Aryna Sabalenka,20260802,Toronto,Hard,PM,R64,Moyuka Uchijima,6-3 6-3,59,26,10,62,20,9
Belinda Bencic,20260802,Toronto,Hard,PM,R16,Alexandra Eala,6-4 6-0,45,21,8,48,13,7
Belinda Bencic,20260802,Toronto,Hard,PM,R32,Taylor Townsend,6-7(5) 7-6(4) 6-4,123,39,44,128,57,25
Belinda Bencic,20260802,Toronto,Hard,PM,R64,Sloane Stephens,6-3 6-1,60,22,17,56,17,10
Coco Gauff,20260802,Toronto,Hard,PM,QF,Belinda Bencic,W/O,,,,,,
Coco Gauff,20260802,Toronto,Hard,PM,R16,Alina Korneeva,6-3 6-1,48,20,5,68,20,6
Coco Gauff,20260802,Toronto,Hard,PM,R32,Maria Sakkari,6-1 6-4,58,27,10,50,15,7
Coco Gauff,20260802,Toronto,Hard,PM,R64,Kayla Day,6-2 7-5,68,28,12,84,20,19
Diana Shnaider,20260802,Toronto,Hard,PM,R16,Jessica Pegula,6-3 6-3,55,26,12,56,26,6
Diana Shnaider,20260802,Toronto,Hard,PM,R32,Anna Kalinskaya,6-3 6-3,55,24,10,54,19,8
Diana Shnaider,20260802,Toronto,Hard,PM,R64,Rebecca Sramkova,6-2 4-6 6-1,89,46,13,70,21,18
Ekaterina Alexandrova,20260802,Toronto,Hard,PM,R16,Aryna Sabalenka,7-6(3) 4-6 6-4,100,38,21,113,38,25
Ekaterina Alexandrova,20260802,Toronto,Hard,PM,R32,Talia Gibson,5-7 6-1 6-3,82,37,20,81,28,17
Ekaterina Alexandrova,20260802,Toronto,Hard,PM,R64,Camila Osorio,6-3 7-6(4),91,37,16,74,27,12
Elena Rybakina,20260802,Toronto,Hard,PM,QF,Naomi Osaka,4-6 7-6(5) 6-4,109,45,23,109,44,22
Elena Rybakina,20260802,Toronto,Hard,PM,R16,Liudmila Samsonova,6-4 4-6 6-4,94,31,21,123,43,20
Elena Rybakina,20260802,Toronto,Hard,PM,R32,Ann Li,6-2 7-5,54,22,14,70,23,13
Elena Rybakina,20260802,Toronto,Hard,PM,R64,Daria Kasatkina,6-3 5-7 6-4,124,43,31,105,40,21
Elena Rybakina,20260802,Toronto,Hard,PM,SF,Coco Gauff,5-7 6-2 6-2,80,34,21,98,38,17
Elina Svitolina,20260802,Toronto,Hard,PM,QF,Ekaterina Alexandrova,3-6 6-0 6-3,70,25,17,73,24,12
Elina Svitolina,20260802,Toronto,Hard,PM,R16,Amanda Anisimova,6-2 6-4,45,20,10,72,25,11
Elina Svitolina,20260802,Toronto,Hard,PM,R32,Anastasia Potapova,6-1 6-1,53,25,9,44,13,4
Elina Svitolina,20260802,Toronto,Hard,PM,R64,Jessica Bouzas Maneiro,6-7(5) 7-6(4) 6-4,124,36,27,124,39,20
Elise Mertens,20260802,Toronto,Hard,PM,R64,Anna Bondar,3-6 6-4 6-4,89,31,19,104,25,32
Iga Swiatek,20260802,Toronto,Hard,PM,F,Elena Rybakina,6-2 6-3,46,28,5,51,19,9
Iga Swiatek,20260802,Toronto,Hard,PM,QF,Diana Shnaider,6-2 6-1,38,23,5,55,20,5
Iga Swiatek,20260802,Toronto,Hard,PM,R16,Marta Kostyuk,3-6 6-1 6-2,89,31,16,70,19,13
Iga Swiatek,20260802,Toronto,Hard,PM,R32,Viktorija Golubic,6-2 6-1,41,22,7,42,12,5
Iga Swiatek,20260802,Toronto,Hard,PM,R64,Sara Bejlek,6-0 6-3,72,35,8,59,18,7
Iga Swiatek,20260802,Toronto,Hard,PM,SF,Elina Svitolina,6-3 1-6 6-3,103,41,14,77,29,12
Iva Jovic,20260802,Toronto,Hard,PM,R64,Magda Linette,6-3 7-5,64,25,18,57,15,16
Jessica Pegula,20260802,Toronto,Hard,PM,R32,Kamilla Rakhimova,6-4 6-0,45,21,7,47,11,6
Jessica Pegula,20260802,Toronto,Hard,PM,R64,Magdalena Frech,3-6 6-3 6-2,90,40,12,76,25,17
Leylah Fernandez,20260802,Toronto,Hard,PM,R32,Mirra Andreeva,6-1 6-4,48,24,9,58,23,6
Leylah Fernandez,20260802,Toronto,Hard,PM,R64,Renata Zarazua,6-2 6-2,47,19,11,55,18,7
Liudmila Samsonova,20260802,Toronto,Hard,PM,R128,Janice Tjen,7-6(9) 7-5,90,40,15,93,32,19
Liudmila Samsonova,20260802,Toronto,Hard,PM,R32,Maya Joint,7-5 6-7(3) 6-2,114,42,24,110,37,24
Liudmila Samsonova,20260802,Toronto,Hard,PM,R64,Barbora Krejcikova,6-1 7-5,70,26,20,55,19,9
Madison Keys,20260802,Toronto,Hard,PM,R64,Antonia Ruzic,6-1 6-2,55,24,12,60,21,5
Magdalena Frech,20260802,Toronto,Hard,PM,R128,Leolia Jeanjean,7-5 6-3,71,30,8,75,18,18
Maria Sakkari,20260802,Toronto,Hard,PM,R64,Zeynep Sonmez,6-3 6-2,57,20,17,54,21,7
Marta Kostyuk,20260802,Toronto,Hard,PM,R32,Madison Keys,6-3 6-1,61,30,11,50,19,7
Marta Kostyuk,20260802,Toronto,Hard,PM,R64,Katherine Sebov,7-6(4) 6-0,56,16,18,57,17,7
Mirra Andreeva,20260802,Toronto,Hard,PM,R64,Karolina Pliskova,6-0 6-2,39,20,8,45,13,4
Naomi Osaka,20260802,Toronto,Hard,PM,R16,Leylah Fernandez,6-4 6-4,56,29,12,57,21,13
Naomi Osaka,20260802,Toronto,Hard,PM,R32,Elise Mertens,6-1 6-2,47,23,12,53,17,7
Naomi Osaka,20260802,Toronto,Hard,PM,R64,Panna Udvardy,6-2 6-4,54,24,13,56,17,12
Nikola Bartunkova,20260802,Toronto,Hard,PM,R128,Bianca Andreescu,7-5 6-4,69,25,19,77,30,13
Nikola Bartunkova,20260802,Toronto,Hard,PM,R64,Clara Tauson,6-3 6-4,68,21,17,61,22,8
Sara Bejlek,20260802,Toronto,Hard,PM,R128,Xiyu Wang,6-3 4-6 7-5,95,37,20,118,53,12
Talia Gibson,20260802,Toronto,Hard,PM,R128,Elisabetta Cocciaretto,6-2 3-2 RET,35,15,11,34,6,9
Talia Gibson,20260802,Toronto,Hard,PM,R64,Maja Chwalinska,7-5 6-1,66,20,18,59,16,9
Alexandra Eala,20260813,Cincinnati,Hard,PM,R32,Amanda Anisimova,4-6 6-4 6-2,115,39,22,93,38,18
Amanda Anisimova,20260813,Cincinnati,Hard,PM,QF,Jessica Pegula,6-4 2-6 7-6(4),95,39,19,94,37,21
Anastasia Potapova,20260813,Cincinnati,Hard,PM,R64,Sloane Stephens,6-2 6-4,51,12,10,52,22,11
Anhelina Kalinina,20260813,Cincinnati,Hard,PM,R64,Emma Navarro,3-6 6-4 6-2,77,33,14,92,40,15
Ann Li,20260813,Cincinnati,Hard,PM,R32,Coco Gauff,6-1 7-6(3),70,23,13,72,28,18
Anna Kalinskaya,20260813,Cincinnati,Hard,PM,R32,Sorana Cirstea,6-7(4) 6-1 5-0 RET,79,26,15,77,37,11
Aryna Sabalenka,20260813,Cincinnati,Hard,PM,R16,Sara Bejlek,7-6(7) 6-4,82,25,19,69,31,9
Barbora Krejcikova,20260813,Cincinnati,Hard,PM,R64,Sara Bejlek,7-6(5) 6-4,72,26,18,84,40,14
Belinda Bencic,20260813,Cincinnati,Hard,PM,R64,Lois Boisson,6-3 0-0 RET,32,11,5,33,11,10
Clara Tauson,20260813,Cincinnati,Hard,PM,R32,Linda Noskova,7-6(3) 6-2,73,26,14,70,36,9
Cristina Bucsa,20260813,Cincinnati,Hard,PM,R64,Maja Chwalinska,6-2 6-2,46,13,5,56,20,14
Daria Snigur,20260813,Cincinnati,Hard,PM,R64,Madison Keys,4-6 6-3 6-3,102,44,13,92,40,14
Diana Shnaider,20260813,Cincinnati,Hard,PM,R16,Elena Rybakina,6-4 6-4,57,25,12,76,41,9
Diane Parry,20260813,Cincinnati,Hard,PM,R16,Iga Swiatek,6-3 6-3,59,19,11,53,27,8
Donna Vekic,20260813,Cincinnati,Hard,PM,R64,Xin Yu Wang,3-6 6-1 6-4,81,32,14,82,36,17
Ekaterina Alexandrova,20260813,Cincinnati,Hard,PM,R32,Sara Bejlek,4-6 6-1 6-2,81,27,15,82,36,16
Elena Rybakina,20260813,Cincinnati,Hard,PM,QF,Iga Swiatek,4-1 RET,18,6,3,18,10,3
Elina Svitolina,20260813,Cincinnati,Hard,PM,R32,Xiyu Wang,W/O,,,,,,
Elise Mertens,20260813,Cincinnati,Hard,PM,R64,Diane Parry,2-6 6-2 6-2,85,25,18,76,33,13
Emma Navarro,20260813,Cincinnati,Hard,PM,R32,Jessica Pegula,7-5 6-2,72,26,11,84,35,15
Iga Swiatek,20260813,Cincinnati,Hard,PM,SF,Jessica Pegula,7-5 4-6 6-4,128,53,13,101,37,18
Iva Jovic,20260813,Cincinnati,Hard,PM,R32,Marie Bouzkova,7-6(0) 7-6(5),88,27,21,81,33,16
Janice Tjen,20260813,Cincinnati,Hard,PM,R32,Mirra Andreeva,6-1 7-6(5),80,33,13,62,31,14
Jelena Ostapenko,20260813,Cincinnati,Hard,PM,R64,Magdalena Frech,6-1 6-3,56,16,8,48,20,12
Jessica Pegula,20260813,Cincinnati,Hard,PM,F,Coco Gauff,6-2 6-4,61,18,11,49,18,12
Kimberly Birrell,20260813,Cincinnati,Hard,PM,R128,Kamilla Rakhimova,6-2 6-2,56,18,8,59,25,12
Leylah Fernandez,20260813,Cincinnati,Hard,PM,R64,Xiyu Wang,3-6 6-2 6-2,74,31,9,66,30,11
Linda Noskova,20260813,Cincinnati,Hard,PM,R16,Amanda Anisimova,6-1 6-4,53,23,5,44,23,14
Liudmila Samsonova,20260813,Cincinnati,Hard,PM,R64,Coco Gauff,2-6 6-4 6-1,79,32,16,82,44,10
Madison Keys,20260813,Cincinnati,Hard,PM,QF,Sara Bejlek,3-6 6-4 7-6(5),112,45,23,102,46,17
Magdalena Frech,20260813,Cincinnati,Hard,PM,R32,Elena Rybakina,6-4 7-6(2),98,37,16,65,32,13
Maja Chwalinska,20260813,Cincinnati,Hard,PM,R32,Diana Shnaider,6-2 7-6(3),104,41,13,64,35,8
Maria Sakkari,20260813,Cincinnati,Hard,PM,R32,Iga Swiatek,4-6 6-1 6-1,67,25,13,78,41,11
Marie Bouzkova,20260813,Cincinnati,Hard,PM,R16,Coco Gauff,6-3 6-2,69,30,7,67,31,14
Marta Kostyuk,20260813,Cincinnati,Hard,PM,QF,Coco Gauff,6-2 6-2,60,18,7,43,18,9
Mirra Andreeva,20260813,Cincinnati,Hard,PM,R16,Marta Kostyuk,4-6 6-0 6-2,66,24,13,71,31,17
Nikola Bartunkova,20260813,Cincinnati,Hard,PM,R64,Sorana Cirstea,7-6(5) 6-3,77,29,16,91,40,15
Oleksandra Oliynykova,20260813,Cincinnati,Hard,PM,R64,Mirra Andreeva,6-1 6-0,44,10,5,57,30,7
Peyton Stearns,20260813,Cincinnati,Hard,PM,R64,Clara Tauson,7-6(7) 1-6 7-5,102,37,17,126,50,16
Sara Bejlek,20260813,Cincinnati,Hard,PM,SF,Coco Gauff,6-4 6-1,57,16,9,41,20,8
Sorana Cirstea,20260813,Cincinnati,Hard,PM,R16,Jessica Pegula,6-2 4-6 7-5,97,34,16,96,43,12
Talia Gibson,20260813,Cincinnati,Hard,PM,R64,Aryna Sabalenka,6-2 7-6(2),66,19,15,81,34,16
Xin Yu Wang,20260813,Cincinnati,Hard,PM,R32,Aryna Sabalenka,6-1 6-3,45,21,3,38,18,14
Yuliia Starodubtseva,20260813,Cincinnati,Hard,PM,R128,Daria Snigur,6-4 6-3,68,16,20,64,29,11
Alexandra Eala,20260813,Cincinnati,Hard,PM,R64,Elena Gabriela Ruse,6-1 3-0 RET,34,12,11,28,5,3
Amanda Anisimova,20260813,Cincinnati,Hard,PM,R16,Linda Noskova,6-1 6-4,44,23,14,53,23,5
Amanda Anisimova,20260813,Cincinnati,Hard,PM,R32,Alexandra Eala,4-6 6-4 6-2,93,38,18,115,39,22
Amanda Anisimova,20260813,Cincinnati,Hard,PM,R64,Zeynep Sonmez,6-2 6-3,54,23,10,62,19,7
Anhelina Kalinina,20260813,Cincinnati,Hard,PM,R128,Darja Vidmanova,4-6 6-4 6-2,75,35,10,92,30,16
Ann Li,20260813,Cincinnati,Hard,PM,R64,Shuai Zhang,7-5 6-3,63,29,15,58,24,10
Anna Kalinskaya,20260813,Cincinnati,Hard,PM,R64,Caty Mcnally,6-3 6-4,58,16,16,55,18,9
Aryna Sabalenka,20260813,Cincinnati,Hard,PM,R32,Xin Yu Wang,6-1 6-3,38,18,14,45,21,3
Aryna Sabalenka,20260813,Cincinnati,Hard,PM,R64,Talia Gibson,6-2 7-6(2),81,34,16,66,19,15
Clara Tauson,20260813,Cincinnati,Hard,PM,R64,Peyton Stearns,7-6(7) 1-6 7-5,126,50,16,102,37,17
Coco Gauff,20260813,Cincinnati,Hard,PM,F,Jessica Pegula,6-2 6-4,49,18,12,61,18,11
Coco Gauff,20260813,Cincinnati,Hard,PM,QF,Marta Kostyuk,6-2 6-2,43,18,9,60,18,7
Coco Gauff,20260813,Cincinnati,Hard,PM,R16,Marie Bouzkova,6-3 6-2,67,31,14,69,30,7
Coco Gauff,20260813,Cincinnati,Hard,PM,R32,Ann Li,6-1 7-6(3),72,28,18,70,23,13
Coco Gauff,20260813,Cincinnati,Hard,PM,R64,Liudmila Samsonova,2-6 6-4 6-1,82,44,10,79,32,16
Coco Gauff,20260813,Cincinnati,Hard,PM,SF,Sara Bejlek,6-4 6-1,41,20,8,57,16,9
Cristina Bucsa,20260813,Cincinnati,Hard,PM,R128,Panna Udvardy,6-2 1-6 7-5,83,40,13,80,29,21
Daria Snigur,20260813,Cincinnati,Hard,PM,R128,Yuliia Starodubtseva,6-4 6-3,64,29,11,68,16,20
Diana Shnaider,20260813,Cincinnati,Hard,PM,R32,Maja Chwalinska,6-2 7-6(3),64,35,8,104,41,13
Diana Shnaider,20260813,Cincinnati,Hard,PM,R64,Tatjana Maria,6-2 7-5,61,22,17,64,16,15
Diane Parry,20260813,Cincinnati,Hard,PM,R128,Caroline Dolehide,6-4 7-6(7),77,29,21,81,40,10
Diane Parry,20260813,Cincinnati,Hard,PM,R32,Lois Boisson,4-6 6-4 6-3,101,45,16,99,45,14
Diane Parry,20260813,Cincinnati,Hard,PM,R64,Elise Mertens,2-6 6-2 6-2,76,33,13,85,25,18
Ekaterina Alexandrova,20260813,Cincinnati,Hard,PM,R64,Anna Blinkova,6-7(5) 6-4 7-5,120,47,23,109,41,20
Elena Rybakina,20260813,Cincinnati,Hard,PM,R16,Diana Shnaider,6-4 6-4,76,41,9,57,25,12
Elena Rybakina,20260813,Cincinnati,Hard,PM,R32,Magdalena Frech,6-4 7-6(2),65,32,13,98,37,16
Elena Rybakina,20260813,Cincinnati,Hard,PM,R64,Taylor Townsend,6-3 6-4,61,19,23,50,24,6
Elina Svitolina,20260813,Cincinnati,Hard,PM,R64,Tereza Valentova,3-6 7-6(5) 6-0,109,44,16,99,37,12
Emma Navarro,20260813,Cincinnati,Hard,PM,R64,Anhelina Kalinina,3-6 6-4 6-2,92,40,15,77,33,14
Iga Swiatek,20260813,Cincinnati,Hard,PM,QF,Elena Rybakina,4-1 RET,18,10,3,18,6,3
Iga Swiatek,20260813,Cincinnati,Hard,PM,R16,Diane Parry,6-3 6-3,53,27,8,59,19,11
Iga Swiatek,20260813,Cincinnati,Hard,PM,R32,Maria Sakkari,4-6 6-1 6-1,78,41,11,67,25,13
Iga Swiatek,20260813,Cincinnati,Hard,PM,R64,Emiliana Arango,6-3 6-0,53,26,10,40,11,4
Iva Jovic,20260813,Cincinnati,Hard,PM,R64,Tamara Korpatsch,6-4 6-3,54,28,12,53,23,7
Janice Tjen,20260813,Cincinnati,Hard,PM,R64,Viktorija Golubic,7-6(8) 5-7 7-5,140,52,28,115,47,19
Jessica Pegula,20260813,Cincinnati,Hard,PM,QF,Amanda Anisimova,6-4 2-6 7-6(4),94,37,21,95,39,19
Jessica Pegula,20260813,Cincinnati,Hard,PM,R16,Sorana Cirstea,6-2 4-6 7-5,96,43,12,97,34,16
Jessica Pegula,20260813,Cincinnati,Hard,PM,R32,Emma Navarro,7-5 6-2,84,35,15,72,26,11
Jessica Pegula,20260813,Cincinnati,Hard,PM,R64,Simona Waltert,6-3 6-2,52,23,10,67,18,11
Jessica Pegula,20260813,Cincinnati,Hard,PM,SF,Iga Swiatek,7-5 4-6 6-4,101,37,18,128,53,13
Linda Noskova,20260813,Cincinnati,Hard,PM,R32,Clara Tauson,7-6(3) 6-2,70,36,9,73,26,14
Linda Noskova,20260813,Cincinnati,Hard,PM,R64,Katie Boulter,6-3 6-3,49,25,9,61,21,11
Liudmila Samsonova,20260813,Cincinnati,Hard,PM,R128,Yulia Putintseva,7-6(5) 5-7 7-5,115,43,26,106,47,19
Madison Keys,20260813,Cincinnati,Hard,PM,R16,Xiyu Wang,7-6(3) 6-4,66,34,12,71,29,14
Madison Keys,20260813,Cincinnati,Hard,PM,R32,Katerina Siniakova,6-1 6-3,47,19,16,59,20,8
Madison Keys,20260813,Cincinnati,Hard,PM,R64,Daria Snigur,4-6 6-3 6-3,92,40,14,102,44,13
Magdalena Frech,20260813,Cincinnati,Hard,PM,R128,Antonia Ruzic,6-2 7-5,55,19,14,63,19,8
Magdalena Frech,20260813,Cincinnati,Hard,PM,R64,Jelena Ostapenko,6-1 6-3,48,20,12,56,16,8
Maja Chwalinska,20260813,Cincinnati,Hard,PM,R64,Cristina Bucsa,6-2 6-2,56,20,14,46,13,5
Maria Sakkari,20260813,Cincinnati,Hard,PM,R64,Kamilla Rakhimova,6-2 5-7 6-1,97,32,22,104,31,18
Marie Bouzkova,20260813,Cincinnati,Hard,PM,R32,Iva Jovic,7-6(0) 7-6(5),81,33,16,88,27,21
Marie Bouzkova,20260813,Cincinnati,Hard,PM,R64,Lucrezia Stefanini,6-2 6-4,55,21,16,63,24,9
Marta Kostyuk,20260813,Cincinnati,Hard,PM,R16,Mirra Andreeva,4-6 6-0 6-2,71,31,17,66,24,13
Marta Kostyuk,20260813,Cincinnati,Hard,PM,R32,Sloane Stephens,7-5 7-5,66,25,15,66,22,11
Marta Kostyuk,20260813,Cincinnati,Hard,PM,R64,Sofia Kenin,4-6 6-3 7-5,116,47,23,80,38,11
Mirra Andreeva,20260813,Cincinnati,Hard,PM,R32,Janice Tjen,6-1 7-6(5),62,31,14,80,33,13
Mirra Andreeva,20260813,Cincinnati,Hard,PM,R64,Oleksandra Oliynykova,6-1 6-0,57,30,7,44,10,5
Nikola Bartunkova,20260813,Cincinnati,Hard,PM,R128,Alina Charaeva,4-6 6-4 6-3,115,37,30,92,35,17
Oleksandra Oliynykova,20260813,Cincinnati,Hard,PM,R128,Elvina Kalieva,6-4 6-1,69,25,15,45,11,9
Peyton Stearns,20260813,Cincinnati,Hard,PM,R128,Harriet Dart,6-1 7-6(6),63,29,11,62,20,11
Sara Bejlek,20260813,Cincinnati,Hard,PM,QF,Madison Keys,3-6 6-4 7-6(5),102,46,17,112,45,23
Sara Bejlek,20260813,Cincinnati,Hard,PM,R128,Karolina Pliskova,6-0 6-2,46,17,13,51,18,2
Sara Bejlek,20260813,Cincinnati,Hard,PM,R16,Aryna Sabalenka,7-6(7) 6-4,69,31,9,82,25,19
Sara Bejlek,20260813,Cincinnati,Hard,PM,R32,Ekaterina Alexandrova,4-6 6-1 6-2,82,36,16,81,27,15
Sara Bejlek,20260813,Cincinnati,Hard,PM,R64,Barbora Krejcikova,7-6(5) 6-4,84,40,14,72,26,18
Sorana Cirstea,20260813,Cincinnati,Hard,PM,R32,Anna Kalinskaya,6-7(4) 6-1 5-0 RET,77,37,11,79,26,15
Sorana Cirstea,20260813,Cincinnati,Hard,PM,R64,Nikola Bartunkova,7-6(5) 6-3,91,40,15,77,29,16
Talia Gibson,20260813,Cincinnati,Hard,PM,R128,Lilli Tagger,4-6 6-1 7-5,104,37,24,88,37,13
Xin Yu Wang,20260813,Cincinnati,Hard,PM,R128,Hanne Vandewinkel,6-4 6-3,52,17,14,94,35,10
Xin Yu Wang,20260813,Cincinnati,Hard,PM,R64,Donna Vekic,3-6 6-1 6-4,82,36,17,81,32,14
Ann Li,20260823,Monterrey,Hard,P,SF,Diane Parry,7-6(7) 6-4,85,31,18,87,37,11
Clara Tauson,20260823,Monterrey,Hard,P,QF,Diane Parry,6-3 7-5,58,24,11,61,35,10
Cristina Bucsa,20260823,Monterrey,Hard,P,R16,Darja Vidmanova,6-4 7-5,71,22,9,61,20,11
Donna Vekic,20260823,Monterrey,Hard,P,R32,Diane Parry,6-7(5) 6-4 6-1,100,41,19,89,40,24
Ekaterina Alexandrova,20260823,Monterrey,Hard,P,R16,Clara Tauson,7-6(6) 4-6 6-3,109,51,19,105,44,26
Elise Mertens,20260823,Monterrey,Hard,P,F,Diane Parry,6-4 0-6 6-3,70,32,11,106,37,20
Janice Tjen,20260823,Monterrey,Hard,P,R16,Yuliia Starodubtseva,6-4 6-3,60,22,12,69,26,16
Kimberly Birrell,20260823,Monterrey,Hard,P,R32,Darja Vidmanova,7-6(2) 6-3,76,26,11,65,24,15
Maja Chwalinska,20260823,Monterrey,Hard,P,R16,Alycia Parks,3-6 6-2 6-2,61,27,11,80,27,23
Nikola Bartunkova,20260823,Monterrey,Hard,P,SF,Elise Mertens,1-6 6-4 6-2,89,32,16,86,30,18
Oleksandra Oliynykova,20260823,Monterrey,Hard,P,R16,Diane Parry,6-4 7-6(3),75,22,13,67,23,11
Yuliia Starodubtseva,20260823,Monterrey,Hard,P,QF,Elise Mertens,6-1 6-4,56,20,11,46,26,10
Ann Li,20260823,Monterrey,Hard,P,QF,Alycia Parks,6-2 6-3,52,26,13,76,28,12
Ann Li,20260823,Monterrey,Hard,P,R16,Maria Timofeeva,W/O,,,,,,
Ann Li,20260823,Monterrey,Hard,P,R32,Camila Osorio,6-1 6-2,54,25,8,48,15,4
Clara Tauson,20260823,Monterrey,Hard,P,R16,Ekaterina Alexandrova,7-6(6) 4-6 6-3,105,44,26,109,51,19
Clara Tauson,20260823,Monterrey,Hard,P,R32,Renata Zarazua,3-6 6-3 6-0,72,32,12,75,30,8
Cristina Bucsa,20260823,Monterrey,Hard,P,R32,Anna Bondar,6-4 6-3,50,22,15,66,20,20
Diane Parry,20260823,Monterrey,Hard,P,F,Elise Mertens,6-4 0-6 6-3,106,37,20,70,32,11
Diane Parry,20260823,Monterrey,Hard,P,QF,Clara Tauson,6-3 7-5,61,35,10,58,24,11
Diane Parry,20260823,Monterrey,Hard,P,R16,Oleksandra Oliynykova,6-4 7-6(3),67,23,11,75,22,13
Diane Parry,20260823,Monterrey,Hard,P,R32,Donna Vekic,6-7(5) 6-4 6-1,89,40,24,100,41,19
Diane Parry,20260823,Monterrey,Hard,P,SF,Ann Li,7-6(7) 6-4,87,37,11,85,31,18
Elise Mertens,20260823,Monterrey,Hard,P,QF,Yuliia Starodubtseva,6-1 6-4,46,26,10,56,20,11
Elise Mertens,20260823,Monterrey,Hard,P,R16,Panna Udvardy,6-1 4-6 6-3,79,38,15,72,29,11
Elise Mertens,20260823,Monterrey,Hard,P,SF,Nikola Bartunkova,1-6 6-4 6-2,86,30,18,89,32,16
Janice Tjen,20260823,Monterrey,Hard,P,R32,Dayana Yastremska,2-6 6-3 7-6(5),99,42,18,89,39,12
Nikola Bartunkova,20260823,Monterrey,Hard,P,QF,Darja Vidmanova,6-4 6-7(3) 6-3,116,43,30,99,45,14
Nikola Bartunkova,20260823,Monterrey,Hard,P,R16,En Shuo Liang,6-7(4) 7-5 6-4,106,41,32,117,41,30
Nikola Bartunkova,20260823,Monterrey,Hard,P,R32,Antonia Ruzic,6-4 6-3,58,21,16,60,25,8
Oleksandra Oliynykova,20260823,Monterrey,Hard,P,R32,Mayar Sherif,6-3 6-4,64,30,10,74,32,10
Yuliia Starodubtseva,20260823,Monterrey,Hard,P,R16,Janice Tjen,6-4 6-3,69,26,16,60,22,12
Yuliia Starodubtseva,20260823,Monterrey,Hard,P,R32,Lilli Tagger,6-3 6-4,47,16,14,67,21,14
Alexandra Eala,20260831,Us Open,Hard,G,R32,Iva Jovic,7-5 3-6 7-5,109,39,14,105,38,18
Amanda Anisimova,20260831,Us Open,Hard,G,R32,Anastasia Potapova,6-2 7-5,54,16,8,87,33,15
Anastasia Potapova,20260831,Us Open,Hard,G,R16,Mirra Andreeva,5-7 6-4 6-3,96,38,14,96,41,14
Anhelina Kalinina,20260831,Us Open,Hard,G,R128,Himeno Sakatsume,6-3 6-3,64,24,11,51,20,15
Ann Li,20260831,Us Open,Hard,G,R32,Linda Noskova,6-2 6-7(6) 6-2,106,32,25,95,38,23
Anna Kalinskaya,20260831,Us Open,Hard,G,R16,Emma Navarro,6-4 6-2,54,19,10,58,25,13
Aryna Sabalenka,20260831,Us Open,Hard,G,F,Elena Rybakina,6-4 5-7 6-2,106,43,22,87,35,27
Barbora Krejcikova,20260831,Us Open,Hard,G,R128,Kamilla Rakhimova,7-6(4) 6-2,70,23,13,79,28,17
Belinda Bencic,20260831,Us Open,Hard,G,R128,Yulia Putintseva,4-6 7-5 6-3,111,37,25,90,35,22
Clara Tauson,20260831,Us Open,Hard,G,R128,Sloane Stephens,6-4 6-1,57,21,8,54,23,15
Coco Gauff,20260831,Us Open,Hard,G,SF,Elena Rybakina,3-6 6-4 6-4,94,32,25,76,32,19
Cristina Bucsa,20260831,Us Open,Hard,G,R32,Coco Gauff,6-3 6-4,71,24,11,55,20,16
Daria Snigur,20260831,Us Open,Hard,G,R128,Diana Shnaider,6-0 6-4,55,16,6,49,18,14
Diana Shnaider,20260831,Us Open,Hard,G,R32,Taylor Townsend,6-2 6-7(3) 6-3,90,36,15,107,47,20
Diane Parry,20260831,Us Open,Hard,G,R64,Sorana Cirstea,6-2 7-5,69,24,12,80,40,10
Donna Vekic,20260831,Us Open,Hard,G,R64,Ann Li,5-7 7-6(4) 6-4,113,49,25,127,50,32
Ekaterina Alexandrova,20260831,Us Open,Hard,G,R32,Marta Kostyuk,6-3 6-2,61,19,10,54,21,14
Elina Svitolina,20260831,Us Open,Hard,G,R32,Anna Kalinskaya,6-3 2-6 6-3,81,19,20,76,27,14
Elise Mertens,20260831,Us Open,Hard,G,R32,Naomi Osaka,6-3 3-6 7-5,109,47,17,109,50,16
Emma Navarro,20260831,Us Open,Hard,G,QF,Jessica Pegula,3-6 6-4 6-3,113,41,19,100,42,16
Iga Swiatek,20260831,Us Open,Hard,G,R16,Qinwen Zheng,7-5 6-3,80,32,11,58,20,18
Iva Jovic,20260831,Us Open,Hard,G,R16,Coco Gauff,6-1 6-4,59,16,10,50,21,11
Janice Tjen,20260831,Us Open,Hard,G,R128,Mirra Andreeva,6-2 6-2,48,17,6,41,28,5
Jasmine Paolini,20260831,Us Open,Hard,G,R32,Sorana Cirstea,6-3 6-3,68,25,6,50,25,8
Jelena Ostapenko,20260831,Us Open,Hard,G,R128,Tatjana Maria,4-6 6-1 6-2,72,23,13,95,40,17
Jessica Pegula,20260831,Us Open,Hard,G,SF,Aryna Sabalenka,7-5 6-2,60,32,5,59,28,14
Karolina Muchova,20260831,Us Open,Hard,G,R32,Emma Navarro,6-3 7-5,62,19,11,75,27,17
Kimberly Birrell,20260831,Us Open,Hard,G,R64,Ekaterina Alexandrova,6-1 2-6 6-3,86,39,9,70,33,14
Leylah Fernandez,20260831,Us Open,Hard,G,R32,Jessica Pegula,1-6 6-4 6-3,77,26,20,93,35,20
Linda Noskova,20260831,Us Open,Hard,G,QF,Aryna Sabalenka,7-6(1) 3-6 7-6(7),123,58,20,95,48,20
Liudmila Samsonova,20260831,Us Open,Hard,G,R128,Maya Joint,3-6 6-2 6-2,67,20,19,93,46,15
Madison Keys,20260831,Us Open,Hard,G,R32,Qinwen Zheng,1-6 7-6(3) 7-5,106,49,14,89,31,24
Magdalena Frech,20260831,Us Open,Hard,G,R128,Iva Jovic,7-5 6-3,75,15,20,71,31,10
Maja Chwalinska,20260831,Us Open,Hard,G,R128,Taylor Townsend,6-2 6-3,62,25,3,43,22,9
Maria Sakkari,20260831,Us Open,Hard,G,R64,Yuliia Starodubtseva,1-6 7-6(4) 6-2,95,35,21,94,29,25
Marie Bouzkova,20260831,Us Open,Hard,G,R32,Iga Swiatek,7-6(3) 7-6(3),82,39,8,95,42,14
Marta Kostyuk,20260831,Us Open,Hard,G,R16,Linda Noskova,7-5 5-7 6-4,93,43,13,116,44,24
Mirra Andreeva,20260831,Us Open,Hard,G,QF,Coco Gauff,2-6 7-6(7) 6-2,86,36,15,103,44,16
Naomi Osaka,20260831,Us Open,Hard,G,R16,Elena Rybakina,6-1 6-4,50,22,5,51,27,10
Nikola Bartunkova,20260831,Us Open,Hard,G,R32,Mirra Andreeva,6-2 7-6(5),73,29,10,61,25,16
Oleksandra Oliynykova,20260831,Us Open,Hard,G,R64,Alexandra Eala,6-1 6-4,50,16,7,44,21,11
Peyton Stearns,20260831,Us Open,Hard,G,R128,Harriet Dart,3-6 6-3 6-2,95,39,11,104,38,22
Sara Bejlek,20260831,Us Open,Hard,G,R128,Cristina Bucsa,7-5 4-6 6-1,83,27,16,84,35,16
Sorana Cirstea,20260831,Us Open,Hard,G,R16,Jessica Pegula,6-3 6-4,70,17,12,61,19,14
Talia Gibson,20260831,Us Open,Hard,G,R128,Donna Vekic,6-2 4-6 6-3,107,35,22,103,37,22
Xin Yu Wang,20260831,Us Open,Hard,G,R64,Anna Kalinskaya,7-5 2-6 6-3,90,45,9,99,40,18
Yuliia Starodubtseva,20260831,Us Open,Hard,G,R32,Elena Rybakina,7-6(6) 6-3,91,24,26,58,28,12
Alexandra Eala,20260831,Us Open,Hard,G,R128,Mary Stoiana,6-1 6-2,57,28,10,46,16,7
Alexandra Eala,20260831,Us Open,Hard,G,R64,Oleksandra Oliynykova,6-1 6-4,44,21,11,50,16,7
Amanda Anisimova,20260831,Us Open,Hard,G,R128,Ashlyn Krueger,6-1 6-3,59,21,16,50,17,6
Amanda Anisimova,20260831,Us Open,Hard,G,R64,Lilli Tagger,6-3 3-6 6-1,84,42,11,87,32,14
Anastasia Potapova,20260831,Us Open,Hard,G,R128,Darja Semenistaja,6-2 6-2,72,27,17,49,18,5
Anastasia Potapova,20260831,Us Open,Hard,G,R32,Amanda Anisimova,6-2 7-5,87,33,15,54,16,8
Anastasia Potapova,20260831,Us Open,Hard,G,R64,Leolia Jeanjean,6-4 2-6 6-3,97,37,19,85,27,20
Ann Li,20260831,Us Open,Hard,G,R128,Antonia Ruzic,7-5 6-1,64,25,14,59,20,7
Ann Li,20260831,Us Open,Hard,G,R64,Donna Vekic,5-7 7-6(4) 6-4,127,50,32,113,49,25
Anna Kalinskaya,20260831,Us Open,Hard,G,R128,Anna Blinkova,6-4 6-3,55,26,12,72,24,13
Anna Kalinskaya,20260831,Us Open,Hard,G,R32,Elina Svitolina,6-3 2-6 6-3,76,27,14,81,19,20
Anna Kalinskaya,20260831,Us Open,Hard,G,R64,Xin Yu Wang,7-5 2-6 6-3,99,40,18,90,45,9
Aryna Sabalenka,20260831,Us Open,Hard,G,QF,Linda Noskova,7-6(1) 3-6 7-6(7),95,48,20,123,58,20
Aryna Sabalenka,20260831,Us Open,Hard,G,R128,Camila Osorio,6-2 6-4,60,22,13,73,27,8
Aryna Sabalenka,20260831,Us Open,Hard,G,R16,Taylor Townsend,6-4 6-3,46,21,4,67,25,4
Aryna Sabalenka,20260831,Us Open,Hard,G,R32,Kamilla Rakhimova,6-3 6-4,63,31,16,68,25,14
Aryna Sabalenka,20260831,Us Open,Hard,G,R64,Polina Iatcenko,6-1 6-1,37,21,5,45,8,7
Aryna Sabalenka,20260831,Us Open,Hard,G,SF,Jessica Pegula,7-5 6-2,59,28,14,60,32,5
Coco Gauff,20260831,Us Open,Hard,G,QF,Mirra Andreeva,2-6 7-6(7) 6-2,103,44,16,86,36,15
Coco Gauff,20260831,Us Open,Hard,G,R128,Zeynep Sonmez,6-3 6-4,66,29,16,52,18,10
Coco Gauff,20260831,Us Open,Hard,G,R16,Iva Jovic,6-1 6-4,50,21,11,59,16,10
Coco Gauff,20260831,Us Open,Hard,G,R32,Cristina Bucsa,6-3 6-4,55,20,16,71,24,11
Coco Gauff,20260831,Us Open,Hard,G,R64,Paula Badosa,6-4 7-6(5),70,25,20,86,27,21
Cristina Bucsa,20260831,Us Open,Hard,G,R128,Sara Bejlek,7-5 4-6 6-1,84,35,16,83,27,16
Cristina Bucsa,20260831,Us Open,Hard,G,R64,Himeno Sakatsume,7-6(6) 6-7(0) 7-6(6),129,47,27,127,48,26
Diana Shnaider,20260831,Us Open,Hard,G,R128,Daria Snigur,6-0 6-4,49,18,14,55,16,6
Diana Shnaider,20260831,Us Open,Hard,G,R64,Karolina Pliskova,6-1 7-6(4),68,36,9,68,35,4
Diane Parry,20260831,Us Open,Hard,G,R128,Viktorija Golubic,7-5 6-4,86,34,16,60,21,9
Donna Vekic,20260831,Us Open,Hard,G,R128,Talia Gibson,6-2 4-6 6-3,103,37,22,107,35,22
Ekaterina Alexandrova,20260831,Us Open,Hard,G,R128,Mccartney Kessler,6-2 6-2,49,20,16,51,20,4
Ekaterina Alexandrova,20260831,Us Open,Hard,G,R64,Kimberly Birrell,6-1 2-6 6-3,70,33,14,86,39,9
Elena Rybakina,20260831,Us Open,Hard,G,F,Aryna Sabalenka,6-4 5-7 6-2,87,35,27,106,43,22
Elena Rybakina,20260831,Us Open,Hard,G,QF,Qinwen Zheng,3-6 6-1 6-4,73,32,21,94,36,23
Elena Rybakina,20260831,Us Open,Hard,G,R128,Thea Frodin,6-3 6-2,54,22,18,57,20,11
Elena Rybakina,20260831,Us Open,Hard,G,R16,Naomi Osaka,6-1 6-4,51,27,10,50,22,5
Elena Rybakina,20260831,Us Open,Hard,G,R32,Yuliia Starodubtseva,7-6(6) 6-3,58,28,12,91,24,26
Elena Rybakina,20260831,Us Open,Hard,G,R64,Jessica Bouzas Maneiro,6-2 6-4,57,30,6,52,18,7
Elena Rybakina,20260831,Us Open,Hard,G,SF,Coco Gauff,3-6 6-4 6-4,76,32,19,94,32,25
Elina Svitolina,20260831,Us Open,Hard,G,R128,Solana Sierra,6-1 6-2,45,24,10,39,13,4
Elina Svitolina,20260831,Us Open,Hard,G,R64,Maya Joint,6-2 6-7(6) 6-4,98,42,17,96,32,15
Elise Mertens,20260831,Us Open,Hard,G,R128,Kaitlin Quevedo,6-4 6-4,61,30,13,76,29,18
Elise Mertens,20260831,Us Open,Hard,G,R64,Maria Timofeeva,6-2 7-6(5),61,29,11,65,25,8
Emma Navarro,20260831,Us Open,Hard,G,R128,Lois Boisson,7-6(6) 6-7(1) 6-3,114,47,26,110,48,18
Emma Navarro,20260831,Us Open,Hard,G,R16,Anna Kalinskaya,6-4 6-2,58,25,13,54,19,10
Emma Navarro,20260831,Us Open,Hard,G,R32,Karolina Muchova,6-3 7-5,75,27,17,62,19,11
Emma Navarro,20260831,Us Open,Hard,G,R64,Caty Mcnally,3-6 6-2 6-3,95,43,14,109,37,23
Iga Swiatek,20260831,Us Open,Hard,G,R128,Xiyu Wang,6-2 6-3,47,28,8,55,20,10
Iga Swiatek,20260831,Us Open,Hard,G,R32,Marie Bouzkova,7-6(3) 7-6(3),95,42,14,82,39,8
Iga Swiatek,20260831,Us Open,Hard,G,R64,Nadia Podoroska,6-3 6-2,52,32,8,49,17,11
Iva Jovic,20260831,Us Open,Hard,G,R128,Magdalena Frech,7-5 6-3,71,31,10,75,15,20
Iva Jovic,20260831,Us Open,Hard,G,R32,Alexandra Eala,7-5 3-6 7-5,105,38,18,109,39,14
Iva Jovic,20260831,Us Open,Hard,G,R64,Francesca Jones,6-4 6-4,57,20,18,80,22,21
Jasmine Paolini,20260831,Us Open,Hard,G,R128,Veronika Erjavec,6-3 3-6 6-4,79,36,12,88,31,13
Jasmine Paolini,20260831,Us Open,Hard,G,R64,Lucrezia Stefanini,6-4 6-1,49,21,7,58,21,5
Jessica Pegula,20260831,Us Open,Hard,G,QF,Emma Navarro,3-6 6-4 6-3,100,42,16,113,41,19
Jessica Pegula,20260831,Us Open,Hard,G,R128,Elena Gabriela Ruse,6-3 6-2,40,23,10,85,28,16
Jessica Pegula,20260831,Us Open,Hard,G,R16,Sorana Cirstea,6-3 6-4,61,19,14,70,17,12
Jessica Pegula,20260831,Us Open,Hard,G,R32,Leylah Fernandez,1-6 6-4 6-3,93,35,20,77,26,20
Jessica Pegula,20260831,Us Open,Hard,G,R64,Sofia Kenin,6-3 6-1,40,19,14,46,13,12
Karolina Muchova,20260831,Us Open,Hard,G,R128,Sinja Kraus,6-3 6-0,39,19,13,41,9,10
Karolina Muchova,20260831,Us Open,Hard,G,R64,Katie Boulter,6-1 6-0,37,15,9,41,7,5
Kimberly Birrell,20260831,Us Open,Hard,G,R128,Petra Marcinko,3-6 7-6(4) 6-3,113,41,19,94,31,21
Leylah Fernandez,20260831,Us Open,Hard,G,R128,Shuai Zhang,6-3 6-2,64,35,9,43,16,10
Leylah Fernandez,20260831,Us Open,Hard,G,R64,Mananchaya Sawangkaew,6-4 6-1,57,26,7,49,14,6
Linda Noskova,20260831,Us Open,Hard,G,R128,Katie Volynets,7-5 6-1,72,29,12,69,18,13
Linda Noskova,20260831,Us Open,Hard,G,R16,Marta Kostyuk,7-5 5-7 6-4,116,44,24,93,43,13
Linda Noskova,20260831,Us Open,Hard,G,R32,Ann Li,6-2 6-7(6) 6-2,95,38,23,106,32,25
Linda Noskova,20260831,Us Open,Hard,G,R64,Lanlana Tararudee,6-4 6-2,66,32,12,55,20,12
Madison Keys,20260831,Us Open,Hard,G,R128,Alina Korneeva,7-5 6-4,77,26,16,66,22,11
Madison Keys,20260831,Us Open,Hard,G,R64,Anna Bondar,5-7 6-4 7-6(5),113,48,20,129,41,31
Maria Sakkari,20260831,Us Open,Hard,G,R128,Robin Montgomery,2-6 7-5 6-2,84,33,16,105,38,18
Marie Bouzkova,20260831,Us Open,Hard,G,R128,Elsa Jacquemot,6-2 6-2,44,19,11,58,20,7
Marie Bouzkova,20260831,Us Open,Hard,G,R64,Harriet Dart,6-2 6-2,45,28,5,55,16,12
Marta Kostyuk,20260831,Us Open,Hard,G,R128,Storm Hunter,6-4 6-1,53,25,11,49,17,8
Marta Kostyuk,20260831,Us Open,Hard,G,R32,Ekaterina Alexandrova,6-3 6-2,54,21,14,61,19,10
Marta Kostyuk,20260831,Us Open,Hard,G,R64,Sloane Stephens,6-1 7-5,65,28,14,65,27,7
Mirra Andreeva,20260831,Us Open,Hard,G,R128,Janice Tjen,6-2 6-2,41,28,5,48,17,6
Mirra Andreeva,20260831,Us Open,Hard,G,R16,Anastasia Potapova,5-7 6-4 6-3,96,41,14,96,38,14
Mirra Andreeva,20260831,Us Open,Hard,G,R32,Nikola Bartunkova,6-2 7-6(5),61,25,16,73,29,10
Mirra Andreeva,20260831,Us Open,Hard,G,R64,Eva Lys,6-0 6-2,51,23,9,44,13,3
Naomi Osaka,20260831,Us Open,Hard,G,R128,Anastasia Zakharova,7-6(6) 7-6(3),79,30,20,89,26,22
Naomi Osaka,20260831,Us Open,Hard,G,R32,Elise Mertens,6-3 3-6 7-5,109,50,16,109,47,17
Naomi Osaka,20260831,Us Open,Hard,G,R64,Katerina Siniakova,6-2 5-7 6-1,94,37,20,80,25,15
Nikola Bartunkova,20260831,Us Open,Hard,G,R128,Mayar Sherif,6-1 6-2,41,14,18,66,20,12
Nikola Bartunkova,20260831,Us Open,Hard,G,R64,Tatjana Maria,6-7(5) 6-2 6-3,91,35,25,84,35,13
Oleksandra Oliynykova,20260831,Us Open,Hard,G,R128,Reese Brantmeier,6-4 6-4,73,29,11,61,14,14
Sorana Cirstea,20260831,Us Open,Hard,G,R128,Julia Grabher,6-3 6-0,58,24,12,53,12,8
Sorana Cirstea,20260831,Us Open,Hard,G,R32,Jasmine Paolini,6-3 6-3,50,25,8,68,25,6
Sorana Cirstea,20260831,Us Open,Hard,G,R64,Diane Parry,6-2 7-5,80,40,10,69,24,12
Xin Yu Wang,20260831,Us Open,Hard,G,R128,Emiliana Arango,6-4 6-2,56,25,12,64,21,14
Yuliia Starodubtseva,20260831,Us Open,Hard,G,R128,Ella Seidel,6-2 6-2,51,20,17,51,17,8
Yuliia Starodubtseva,20260831,Us Open,Hard,G,R64,Maria Sakkari,1-6 7-6(4) 6-2,94,29,25,95,35,21
Cristina Bucsa,20260913,Guadalajara,Hard,P,SF,Iva Jovic,6-4 6-1,58,22,7,74,31,13
Diane Parry,20260913,Guadalajara,Hard,P,R16,Peyton Stearns,6-2 7-5,61,16,12,63,24,14
Janice Tjen,20260913,Guadalajara,Hard,P,R16,Sloane Stephens,7-6(4) 7-6(3),84,46,7,72,40,11
Liudmila Samsonova,20260913,Guadalajara,Hard,P,SF,Peyton Stearns,7-6(7) 6-2,81,31,9,76,26,18
Magdalena Frech,20260913,Guadalajara,Hard,P,QF,Iva Jovic,6-2 6-1,48,18,5,65,28,16
Marta Kostyuk,20260913,Guadalajara,Hard,P,QF,Liudmila Samsonova,4-6 6-2 7-5,103,41,14,105,46,15
Peyton Stearns,20260913,Guadalajara,Hard,P,F,Iva Jovic,6-4 6-2,51,18,12,57,24,16
Sara Bejlek,20260913,Guadalajara,Hard,P,QF,Cristina Bucsa,6-0 6-4,42,14,5,46,24,8
Cristina Bucsa,20260913,Guadalajara,Hard,P,QF,Sara Bejlek,6-0 6-4,46,24,8,42,14,5
Cristina Bucsa,20260913,Guadalajara,Hard,P,R16,Panna Udvardy,6-4 6-4,62,24,18,60,23,14
Cristina Bucsa,20260913,Guadalajara,Hard,P,R32,Bianca Andreescu,6-4 6-3,53,19,13,74,25,14
Iva Jovic,20260913,Guadalajara,Hard,P,F,Peyton Stearns,6-4 6-2,57,24,16,51,18,12
Iva Jovic,20260913,Guadalajara,Hard,P,QF,Magdalena Frech,6-2 6-1,65,28,16,48,18,5
Iva Jovic,20260913,Guadalajara,Hard,P,R16,Zeynep Sonmez,7-6(5) 6-4,65,21,15,89,34,15
Iva Jovic,20260913,Guadalajara,Hard,P,SF,Cristina Bucsa,6-4 6-1,74,31,13,58,22,7
Janice Tjen,20260913,Guadalajara,Hard,P,R32,Darja Vidmanova,7-6(6) 6-2,66,30,19,59,23,19
Liudmila Samsonova,20260913,Guadalajara,Hard,P,QF,Marta Kostyuk,4-6 6-2 7-5,105,46,15,103,41,14
Liudmila Samsonova,20260913,Guadalajara,Hard,P,R16,Kayla Day,7-6(4) 2-6 7-6(5),102,38,20,109,48,17
Liudmila Samsonova,20260913,Guadalajara,Hard,P,R32,Elsa Jacquemot,7-6(6) 6-2,77,28,19,67,23,13
Magdalena Frech,20260913,Guadalajara,Hard,P,R16,Caroline Dolehide,6-4 6-3,53,25,8,66,27,5
Magdalena Frech,20260913,Guadalajara,Hard,P,R32,Nao Hibino,6-1 6-4,48,22,13,67,24,11
Marta Kostyuk,20260913,Guadalajara,Hard,P,R16,Taylor Townsend,W/O,,,,,,
Peyton Stearns,20260913,Guadalajara,Hard,P,QF,Sloane Stephens,7-6(6) 6-4,68,25,14,86,33,14
Peyton Stearns,20260913,Guadalajara,Hard,P,R16,Diane Parry,6-2 7-5,63,24,14,61,16,12
Peyton Stearns,20260913,Guadalajara,Hard,P,R32,Emiliana Arango,6-3 6-2,58,26,10,48,15,5
Peyton Stearns,20260913,Guadalajara,Hard,P,SF,Liudmila Samsonova,7-6(7) 6-2,76,26,18,81,31,9
Sara Bejlek,20260913,Guadalajara,Hard,P,R16,Alycia Parks,6-4 6-3,49,26,8,66,24,13
Jelena Ostapenko,20260921,Seoul,Hard,I,R16,Taylah Preston,6-4 6-1,57,16,14,56,26,12
Jelena Ostapenko,20260921,Seoul,Hard,I,R32,Anastasia Zakharova,6-4 6-1,59,23,13,63,19,12
Kimberly Birrell,20260921,Seoul,Hard,I,F,Maya Joint,6-4 6-2,,,,,,
Kimberly Birrell,20260921,Seoul,Hard,I,QF,Katie Volynets,2-6 6-2 7-5,,,,,,
Kimberly Birrell,20260921,Seoul,Hard,I,R16,Ye Xin Ma,7-5 6-3,77,28,16,62,17,12
Kimberly Birrell,20260921,Seoul,Hard,I,R32,Tamara Zidansek,7-6(2) 6-4,82,25,12,84,23,14
Kimberly Birrell,20260921,Seoul,Hard,I,SF,Anna Bondar,7-5 2-6 6-1,,,,,,
Alexandra Eala,20260921,Singapore,Hard,P,R16,Tatiana Prozorova,4-6 7-5 6-3,108,35,19,123,50,14
Barbora Krejcikova,20260921,Singapore,Hard,P,R16,Elise Mertens,W/O,,,,,,
Donna Vekic,20260921,Singapore,Hard,P,R32,Xin Yu Wang,6-1 6-2,51,18,7,45,22,12
Elise Mertens,20260921,Singapore,Hard,P,QF,Maja Chwalinska,6-2 6-2,56,14,12,48,23,9
Maja Chwalinska,20260921,Singapore,Hard,P,SF,Leylah Fernandez,1-6 6-4 6-2,67,31,6,74,30,12
Maria Sakkari,20260921,Singapore,Hard,P,QF,Talia Gibson,6-1 4-6 6-2,86,26,18,72,43,5
Mirra Andreeva,20260921,Singapore,Hard,P,QF,Leylah Fernandez,6-2 7-5,58,20,7,63,27,9
Oleksandra Oliynykova,20260921,Singapore,Hard,P,R16,Maja Chwalinska,6-0 6-1,32,6,2,39,17,10
Talia Gibson,20260921,Singapore,Hard,P,F,Leylah Fernandez,7-5 6-0,,,,,,
Xin Yu Wang,20260921,Singapore,Hard,P,QF,Tatiana Prozorova,3-6 7-5 6-4,115,49,15,105,45,16
Barbora Krejcikova,20260921,Singapore,Hard,P,R32,Anna Lena Friedsam,6-0 5-7 7-6(4),89,33,21,100,35,14
Elise Mertens,20260921,Singapore,Hard,P,R16,Barbora Krejcikova,W/O,,,,,,
Leylah Fernandez,20260921,Singapore,Hard,P,F,Talia Gibson,7-5 6-0,,,,,,
Leylah Fernandez,20260921,Singapore,Hard,P,QF,Mirra Andreeva,6-2 7-5,63,27,9,58,20,7
Leylah Fernandez,20260921,Singapore,Hard,P,R16,Alycia Parks,6-4 6-3,49,22,9,61,16,14
Leylah Fernandez,20260921,Singapore,Hard,P,R32,Kyoka Okamura,6-2 6-3,86,32,17,79,26,11
Leylah Fernandez,20260921,Singapore,Hard,P,SF,Maja Chwalinska,1-6 6-4 6-2,74,30,12,67,31,6
Maja Chwalinska,20260921,Singapore,Hard,P,QF,Elise Mertens,6-2 6-2,48,23,9,56,14,12
Maja Chwalinska,20260921,Singapore,Hard,P,R16,Oleksandra Oliynykova,6-0 6-1,39,17,10,32,6,2
Maja Chwalinska,20260921,Singapore,Hard,P,R32,Rebecca Sramkova,6-4 6-2,53,29,9,53,16,11
Maria Sakkari,20260921,Singapore,Hard,P,R16,Nao Hibino,7-5 6-1,62,26,16,59,21,11
Maria Sakkari,20260921,Singapore,Hard,P,R32,Linda Fruhvirtova,6-4 6-1,62,29,13,46,17,7
Mirra Andreeva,20260921,Singapore,Hard,P,R16,Aliaksandra Sasnovich,6-2 6-2,47,21,9,50,13,6
Oleksandra Oliynykova,20260921,Singapore,Hard,P,R32,Vivian Wolff,6-1 7-6(1),59,27,14,76,26,12
Talia Gibson,20260921,Singapore,Hard,P,QF,Maria Sakkari,6-1 4-6 6-2,72,43,5,86,26,18
Talia Gibson,20260921,Singapore,Hard,P,R16,Viktoria Morvayova,7-6(2) 7-6(1),88,36,24,91,37,18
Talia Gibson,20260921,Singapore,Hard,P,R32,Fiona Ferro,6-3 6-3,48,17,6,51,12,7
Talia Gibson,20260921,Singapore,Hard,P,SF,Tatiana Prozorova,W/O,,,,,,
Xin Yu Wang,20260921,Singapore,Hard,P,R16,Joanna Garland,7-5 6-4,65,31,13,63,20,19
Xin Yu Wang,20260921,Singapore,Hard,P,R32,Donna Vekic,6-1 6-2,45,22,12,51,18,7
